1,"Meet Eichmann, Von and Hessel",2019-11-20,10:17:19,2019-12-15,2:56:57,,3,Serowe,0
2,GIS systems,2020-10-02,2:43:18,2020-10-17,22:06:50,Triple-buffered scalable analyzer,5,,1
3,JDF,2019-12-18,9:24:32,2020-01-14,0:34:47,Reduced bottom-line frame,2,,0
4,NPI Management,2020-06-30,14:37:03,2020-07-18,12:06:32,Polarised tertiary encryption,3,,0
5,Meeting with Monahan LLC,2020-04-13,10:47:39,2020-04-20,20:29:02,Enterprise-wide holistic capability,1,,0
6,Meet Runolfsson-Kozey,2020-08-27,14:21:00,2020-09-10,7:59:02,Persistent exuding interface,3,,0
7,Wide Format Printing,2019-11-19,5:20:40,2019-12-07,15:39:10,,3,Cianorte,1
8,Oxides,2019-12-24,1:30:43,2019-12-30,10:43:13,Digitized well-modulated concept,1,,0
9,OB/GYN,2020-02-23,3:12:48,2020-03-17,18:21:54,User-friendly hybrid project,5,,0
10,"Meeting at Willms, Greenfelder and Schamberger",2020-03-04,13:05:59,2020-03-08,6:44:03,Managed actuating frame,2,,1
11,"Meeting with Nicolas, Emmerich and Sporer",2020-04-26,20:45:06,2020-05-23,5:41:52,,1,,0
12,National Association of Realtors,2020-09-29,15:32:48,2020-10-26,12:30:03,Automated 6th generation interface,0,,1
13,Humanitarian,2019-12-18,16:30:51,2020-01-01,15:03:05,Automated heuristic moratorium,1,,0
14,ConsectetuerAdipiscing.mp3,2020-05-26,9:57:14,2020-06-15,4:50:51,,4,Agustin Codazzi,0
15,PFTrack,2020-03-28,16:45:57,2020-04-04,16:36:24,Realigned stable project,5,,1
16,Test Planning,2020-05-20,10:38:48,2020-06-06,13:13:46,Pre-emptive clear-thinking initiative,1,,0
17,Business Objects,2020-07-07,4:36:24,2020-07-25,12:21:41,,1,,1
18,take 43799,2019-11-30,8:41:06,2019-12-20,7:43:11,Face to face clear-thinking forecast,4,,1
19,take 43981,2020-05-30,15:54:55,2020-06-23,0:11:56,Assimilated regional ability,5,,0
20,IVR,2020-05-18,17:57:35,2020-06-10,0:37:11,Decentralized web-enabled access,1,Agios Vasileios,1
21,"Meeting at O'Conner, Rosenbaum and Bahringer",2020-02-24,4:26:11,2020-03-09,8:06:18,Devolved mission-critical ability,1,,0
22,RTLS,2020-07-28,22:49:07,2020-08-20,16:05:58,Intuitive analyzing toolset,5,,1
23,NPDES,2020-09-25,23:08:21,2020-10-24,8:03:23,Cross-group zero defect intranet,4,,0
24,SRM 5.0,2020-05-04,17:11:24,2020-05-21,18:23:31,Multi-layered needs-based software,4,,1
25,LaTeX,2019-12-07,14:52:08,2019-12-13,15:52:35,Cross-platform cohesive contingency,3,,0
26,Flight Planning,2019-12-26,13:29:48,2019-12-31,7:53:44,Synergized local hub,0,Butubut Norte,1
27,DFSS Green Belt,2020-05-31,10:54:43,2020-06-07,11:39:37,,5,Liangshuijing,1
28,take 43957,2020-05-06,20:54:07,2020-05-12,2:12:09,,2,Changle,0
29,Environmental Impact Assessment,2020-06-26,23:49:47,2020-06-26,10:26:10,Synergized leading edge architecture,2,,1
30,Perl,2020-08-05,22:20:23,2020-08-29,16:32:11,Inverse intangible knowledge base,3,,1
31,Customer Experience,2020-09-16,15:57:57,2020-09-30,23:53:41,User-centric well-modulated definition,4,,1
32,CTI,2019-12-07,12:35:02,2019-12-08,6:13:15,Right-sized discrete conglomeration,2,La Guacamaya,1
33,GCC,2020-08-24,15:55:13,2020-09-22,19:03:03,Stand-alone directional system engine,3,,0
34,Meeting with Dicki-Braun,2020-04-30,9:36:51,2020-05-15,17:40:44,Self-enabling reciprocal leverage,0,,1
35,"Meeting at Lindgren, Crooks and Cronin",2020-04-29,3:01:35,2020-05-19,15:27:46,Exclusive web-enabled complexity,1,,0
36,VBA,2019-11-21,5:27:08,2019-12-11,18:38:47,Programmable incremental strategy,3,,1
37,take 44073,2020-08-30,2:13:27,2020-09-03,9:14:26,Configurable multimedia artificial intelligence,0,,0
38,take 43934,2020-04-13,19:44:17,2020-04-21,11:51:35,Cloned radical array,0,,0
39,take 43970,2020-05-19,20:30:05,2020-06-08,10:04:46,Digitized radical budgetary management,3,,1
40,Rugs,2020-03-25,22:18:13,2020-04-14,17:21:03,Customer-focused client-server architecture,3,,1
41,take 44086,2020-09-12,23:29:49,2020-09-15,1:41:22,Customizable empowering function,5,,1
42,LaciniaSapienQuis.ppt,2020-10-20,23:53:25,2020-11-05,23:07:21,Cross-platform 6th generation standardization,1,,1
43,Small Boat Operations,2020-07-06,15:49:30,2020-07-17,3:10:51,Customizable leading edge moderator,5,Finspang,1
44,Wealth Management,2020-02-27,7:46:42,2020-03-14,13:00:57,Diverse dedicated adapter,5,,1
45,FSCM,2019-12-02,12:37:56,2019-12-05,0:21:08,Implemented hybrid moderator,4,,0
46,Litigation,2020-03-19,19:49:56,2020-03-27,7:19:27,,0,Lopar,1
47,MusEtiamVel.avi,2020-10-07,8:20:06,2020-10-10,13:01:59,,4,Yefremov,0
48,take 43788,2019-11-19,16:12:40,2019-12-17,11:45:29,Realigned multimedia secured line,4,,1
49,Air Conditioning,2020-09-16,22:39:52,2020-09-26,5:53:24,Cross-platform motivating synergy,1,,1
50,JCT,2020-07-14,8:33:16,2020-08-04,15:20:01,Public-key optimizing secured line,0,Mikhaylovsk,1
51,Typewriter,2020-01-06,3:44:59,2020-02-04,15:55:16,Focused reciprocal encoding,4,,1
52,take 43847,2020-01-17,7:51:04,2020-01-21,18:56:59,Virtual logistical synergy,4,,1
53,Meeting at Hartmann Group,2020-06-07,16:46:47,2020-06-13,4:17:24,Multi-tiered interactive open system,3,Sapol,1
54,Starling,2020-05-09,21:20:35,2020-06-05,19:48:13,Persistent global flexibility,3,,0
55,Market Risk,2020-10-14,12:43:03,2020-11-07,22:37:20,Digitized 3rd generation hardware,4,,0
56,PDMLink,2020-03-13,0:46:19,2020-03-21,1:59:35,Customer-focused composite orchestration,2,,1
57,Kipling,2020-08-22,4:05:32,2020-09-06,23:07:40,Expanded interactive budgetary management,3,Xuan Tr??ng,0
58,RCA,2020-09-04,19:25:39,2020-09-27,13:53:10,Optimized intermediate initiative,1,,1
59,Badeau,2020-06-26,3:50:40,2020-07-04,19:40:41,Upgradable heuristic groupware,2,,1
60,Web Development,2020-06-10,4:22:07,2020-07-06,13:59:10,Robust explicit system engine,3,,0
61,HPLC,2020-03-17,14:57:49,2020-04-15,5:05:49,Switchable methodical system engine,4,,0
62,take 43809,2019-12-10,21:26:52,2019-12-19,21:09:12,Intuitive cohesive migration,0,,0
63,take 44092,2020-09-18,0:03:49,2020-10-06,14:40:07,Streamlined grid-enabled ability,2,,1
64,OmniPlan,2020-10-15,3:44:52,2020-10-23,21:05:10,Digitized responsive paradigm,3,,1
65,Dapin,2020-02-01,7:26:16,2020-02-11,12:33:00,Optimized methodical capacity,0,,1
66,Cinematography,2020-05-04,18:56:51,2020-05-25,3:37:41,Exclusive intermediate leverage,4,,0
67,Disaster Recovery,2020-02-15,18:49:59,2020-02-22,9:56:17,,5,,1
68,Test Driven Development,2020-06-22,6:09:11,2020-07-03,18:59:29,,3,,1
69,Typewriter,2019-12-27,21:17:02,2020-01-21,10:09:47,,0,,1
70,Athletic Performance,2020-09-14,4:31:54,2020-10-03,11:15:35,,0,Muyaka,1
71,SharePoint Server,2019-12-14,13:09:46,2019-12-27,10:46:42,Future-proofed context-sensitive leverage,2,,1
72,Shrinkage,2020-07-29,10:36:17,2020-08-08,6:54:39,Visionary full-range help-desk,5,S?ubice,1
73,Delaware,2020-01-16,15:16:06,2020-01-24,20:20:43,,2,Motala,0
74,SNP genotyping,2020-05-09,20:22:35,2020-05-21,15:18:39,Fully-configurable intermediate algorithm,5,Masaguisi,1
75,NVU,2020-07-15,14:10:36,2020-08-13,6:21:10,Persevering asymmetric synergy,4,,1
76,Loan Servicing,2020-06-16,4:04:10,2020-06-25,9:03:04,Open-architected incremental challenge,3,,0
77,Tutoring,2020-08-11,18:00:55,2020-08-31,1:53:20,,3,,0
78,Novick,2020-03-19,1:51:00,2020-04-12,5:15:54,Proactive motivating throughput,0,,1
79,take 44086,2020-09-12,3:32:17,2020-09-28,21:19:04,Managed empowering product,1,,1
80,Oversight,2020-01-02,3:35:24,2020-01-23,10:43:31,Multi-tiered client-server application,2,,1
81,Medical Devices,2020-05-22,13:16:20,2020-05-25,16:18:26,Down-sized fault-tolerant knowledge user,2,Zheshart,0
82,"Meeting at VonRueden, Runolfsson and Hahn",2020-06-08,12:36:23,2020-06-25,15:22:49,,2,Sodra Sandby,0
83,ODC,2020-09-28,1:08:05,2020-10-01,5:04:24,Reverse-engineered fault-tolerant collaboration,3,,0
84,PCS7,2020-02-07,14:51:45,2020-02-24,8:07:23,Function-based empowering contingency,2,,0
85,Lukken,2020-03-04,17:15:53,2020-03-15,9:02:19,Seamless mission-critical infrastructure,5,,1
86,Analog Circuit Design,2020-04-13,7:12:46,2020-05-10,18:35:23,Secured bottom-line concept,5,,0
87,Klarity,2020-03-18,23:56:33,2020-04-16,22:48:52,Total methodical productivity,2,Kavaje,1
88,SMED,2020-09-12,20:20:27,2020-10-06,14:49:57,Right-sized multimedia alliance,1,,0
89,Presentation Skills,2019-11-14,0:45:11,2019-12-10,12:57:09,Quality-focused cohesive hierarchy,4,Xiangyanglu,0
90,Reinke,2020-05-06,13:05:37,2020-05-12,20:26:42,Adaptive transitional intranet,3,Airmata,0
91,Meet O'Connell-Boyle,2020-09-23,22:44:03,2020-10-18,8:35:35,,3,,1
92,Passionate about work,2020-03-03,17:08:27,2020-03-04,10:32:29,Streamlined solution-oriented installation,5,Firenze,0
93,LigulaPellentesque.ppt,2020-07-15,7:37:51,2020-08-01,2:52:33,,4,,1
94,Motivational Interviewing,2020-08-18,20:18:52,2020-09-10,1:00:46,Right-sized 6th generation hub,2,,0
95,VO,2020-10-09,19:08:44,2020-11-05,12:30:01,Phased executive customer loyalty,2,,0
96,InEst.mp3,2020-07-24,19:29:07,2020-08-13,6:41:35,Programmable scalable customer loyalty,0,,1
97,OMNI,2020-01-06,0:27:47,2020-01-12,19:19:26,Inverse logistical monitoring,1,,0
98,Dunning,2020-05-16,6:14:48,2020-06-08,20:49:00,Switchable systemic architecture,1,Mobile,1
99,HP Proliant,2020-10-16,12:08:35,2020-10-24,22:14:48,,1,,0
100,Axys,2020-07-15,15:58:27,2020-07-20,19:13:30,Expanded heuristic system engine,1,,1
101,VSAM,2020-10-16,20:36:52,2020-11-04,16:10:47,Synergized attitude-oriented conglomeration,0,,0
102,Convallis.gif,2020-02-16,5:44:45,2020-02-27,16:14:46,Front-line context-sensitive conglomeration,5,Uzlovaya,1
103,Uniform Combined State Law,2020-09-08,20:09:49,2020-10-06,11:41:35,Synergistic zero defect website,1,,1
104,"Meet Balistreri, Johnston and Rowe",2020-03-09,0:11:12,2020-03-28,21:55:01,Integrated real-time circuit,1,,0
105,Eget.tiff,2020-06-22,4:04:45,2020-07-07,10:55:10,Fully-configurable encompassing solution,1,,0
106,Zsh,2020-09-17,14:30:08,2020-09-27,20:41:10,,0,,1
107,OnQ,2020-01-23,3:01:45,2020-02-17,11:37:31,Switchable mobile alliance,0,Villa Ascasubi,1
108,Nanofabrication,2020-09-12,20:21:06,2020-09-18,14:06:21,Reduced national website,4,,0
109,Sunfield,2020-05-23,22:56:03,2020-05-25,17:31:30,Face to face next generation infrastructure,1,,1
110,Juniper Technologies,2020-04-17,16:22:46,2020-04-18,6:07:43,Enterprise-wide zero tolerance encoding,0,,1
111,DG Sets,2020-07-25,22:16:55,2020-08-20,7:57:44,Horizontal discrete framework,2,,1
112,Lacinia.xls,2020-02-07,7:08:27,2020-02-24,10:12:02,,4,,1
113,MQSI,2020-06-17,11:55:30,2020-07-15,15:08:02,Intuitive global instruction set,3,Male?i?i,1
114,PMO set-up,2020-08-15,16:52:06,2020-09-03,10:28:42,,4,,1
115,take 44073,2020-08-30,16:18:00,2020-09-20,7:33:21,Cloned secondary migration,5,,0
116,IQMS,2020-01-12,3:21:15,2020-02-03,6:40:09,Monitored local task-force,0,,0
117,Nursing Management,2020-04-01,10:16:37,2020-04-01,22:08:21,Pre-emptive interactive hardware,1,,0
118,Surrey,2020-07-22,16:09:15,2020-07-23,8:50:56,,3,,1
119,Piano,2020-08-30,8:15:34,2020-09-23,4:04:10,Down-sized static moratorium,2,,1
120,Education,2019-10-29,9:10:46,2019-11-01,23:38:54,,4,,1
121,Meet Runte and Sons,2020-01-16,4:45:23,2020-02-01,22:23:26,Devolved coherent complexity,4,,1
122,Zebra,2020-08-20,2:24:33,2020-09-13,5:34:10,Decentralized mobile parallelism,0,,0
123,Pyramix,2020-08-21,10:38:59,2020-09-15,9:01:07,Configurable context-sensitive contingency,5,,0
124,Long-term Customer Relationships,2019-11-28,12:57:34,2019-12-05,8:49:01,De-engineered optimal neural-net,0,,0
125,MMIS,2020-08-01,10:51:15,2020-08-23,2:51:04,Ameliorated analyzing matrix,3,,0
126,Supply Chain,2020-04-09,15:38:14,2020-04-16,11:07:11,Compatible object-oriented definition,2,,1
127,DMVPN,2020-09-05,14:33:54,2020-09-19,11:11:17,Managed explicit paradigm,4,Xinhua,1
128,take 43860,2020-01-30,11:10:15,2020-02-10,2:22:47,Multi-tiered attitude-oriented access,1,,0
129,Meeting at Kub Group,2020-02-12,4:58:22,2020-02-14,20:24:16,Function-based systematic infrastructure,2,,0
130,PFGE,2019-10-31,18:21:00,2019-11-04,5:24:47,,4,,1
131,Sachtjen,2020-04-22,0:19:51,2020-05-10,15:22:33,,4,,1
132,International Shipping,2020-06-03,15:40:39,2020-06-21,16:34:18,Decentralized 3rd generation policy,4,,0
133,FaucibusOrci.gif,2020-08-11,15:19:43,2020-08-19,4:33:19,Virtual homogeneous synergy,3,,1
134,Ignatian Spirituality,2020-05-19,6:31:05,2020-05-20,21:43:31,Seamless holistic matrices,2,Kremidivka,0
135,TSYS,2020-09-15,22:20:00,2020-10-01,10:41:48,,5,Taizi,0
136,Supplier Quality,2020-06-14,0:08:37,2020-07-12,19:09:58,,5,,0
137,Meet Cummings-Mayer,2020-04-02,0:24:54,2020-04-03,14:10:16,Up-sized system-worthy migration,1,Phong ?i?n,1
138,Functional Verification,2020-01-02,18:25:37,2020-01-13,0:16:16,Enhanced background help-desk,3,Druju,0
139,Software Documentation,2020-10-21,14:19:52,2020-11-06,15:27:58,Monitored object-oriented toolset,1,,0
140,SagittisDuiVel.mp3,2020-02-15,0:59:19,2020-02-19,21:56:29,,0,Colonia Elisa,1
141,Meet Dibbert-Heller,2019-11-22,9:13:34,2019-12-16,9:09:14,Persistent zero defect complexity,5,,1
142,Autodesk Inventor,2020-03-07,9:44:43,2020-03-24,14:58:31,Mandatory composite info-mediaries,5,,1
143,Urban Geography,2020-02-14,11:16:06,2020-02-15,3:17:08,Decentralized interactive process improvement,1,,1
144,LS9,2020-08-06,17:38:14,2020-08-27,15:07:47,,1,,0
145,EBITDA,2020-08-01,17:11:46,2020-08-14,4:35:09,,2,,0
146,Bands,2020-09-26,20:21:10,2020-10-16,22:05:49,Progressive mission-critical instruction set,0,,0
147,BMD,2019-12-29,11:42:52,2020-01-26,16:59:32,Secured responsive architecture,3,,1
148,MorbiNon.ppt,2019-11-06,4:47:07,2019-11-19,19:45:25,Re-engineered next generation matrix,2,,1
149,Nobel,2020-06-06,17:55:43,2020-06-08,13:30:37,Digitized 6th generation approach,5,Qishn,1
150,AC Nielsen,2020-07-27,16:25:05,2020-08-04,17:41:14,,0,,0
151,Meeting with Moore LLC,2020-08-16,13:07:00,2020-08-25,16:36:34,Front-line solution-oriented access,3,,1
152,"Meet Mosciski, Bernier and Bauch",2020-05-25,4:35:31,2020-05-27,14:58:23,Open-source systematic service-desk,3,Las Brenas,1
153,BibendumFelisSed.mp3,2020-06-21,1:56:10,2020-07-05,23:08:19,Reactive web-enabled initiative,5,,0
154,IBM Rational Rhapsody,2020-05-04,11:46:54,2020-06-01,5:24:42,Multi-channelled demand-driven emulation,4,,0
155,Reindahl,2020-02-22,0:40:42,2020-02-22,9:16:01,Virtual mission-critical archive,3,Sumberjo,0
156,IaaS,2020-06-15,13:10:05,2020-07-06,5:12:35,Implemented uniform moratorium,4,,0
157,take 43843,2020-01-13,5:29:25,2020-01-17,14:45:08,Adaptive 4th generation model,2,,1
158,LCL,2020-03-31,10:14:39,2020-04-22,16:33:37,Reverse-engineered incremental implementation,0,,0
159,JBPM,2020-08-25,12:12:53,2020-09-18,0:09:19,Robust bottom-line moderator,5,,1
160,TDR,2019-12-30,21:48:40,2020-01-16,4:33:25,,2,,1
161,Meet Padberg-Doyle,2020-08-17,1:16:31,2020-09-12,19:37:55,Enterprise-wide homogeneous ability,3,,1
162,Interior Design,2019-12-17,12:37:59,2020-01-15,14:06:49,Balanced methodical orchestration,1,,0
163,take 43877,2020-02-16,19:39:17,2020-03-03,1:50:46,Re-engineered neutral open system,5,,1
164,Meadow Vale,2020-04-12,21:12:26,2020-04-17,19:31:29,Fundamental discrete product,4,Vishnyakovskiye Dachi,1
165,Vulcan,2020-03-11,15:57:43,2020-04-04,16:18:05,Ergonomic global flexibility,1,,0
166,WFC,2020-01-03,9:40:39,2020-01-28,2:40:43,Streamlined analyzing middleware,5,Wonosari,0
167,Petroleum Geology,2020-09-23,19:26:41,2020-10-05,2:51:32,Multi-layered coherent pricing structure,3,,1
168,OLE,2020-02-08,9:19:28,2020-02-09,14:43:28,Enterprise-wide incremental benchmark,0,,1
169,Meet Blick and Sons,2020-01-06,4:16:50,2020-01-24,19:05:31,,5,,0
170,DNA electrophoresis,2020-05-23,8:26:50,2020-05-25,8:14:23,Cloned secondary leverage,5,,0
171,Painting,2020-07-11,1:39:57,2020-07-18,17:37:09,Distributed local capacity,1,,1
172,Sit.tiff,2019-11-26,8:10:43,2019-12-23,3:55:36,,1,Pilnikov,1
173,Everett,2020-09-28,7:28:05,2020-09-28,6:48:34,,4,,0
174,GDI,2020-10-06,18:32:50,2020-10-06,15:30:11,Enhanced multimedia process improvement,1,,0
175,Candidate Generation,2020-01-24,10:01:41,2020-02-06,11:08:15,Re-contextualized zero defect knowledge user,5,,0
176,take 43857,2020-01-27,9:55:24,2020-02-22,2:06:41,,4,,0
177,R&amp;TTE,2020-02-02,22:23:57,2020-02-11,17:59:08,Re-engineered mobile support,5,Ljungby,0
178,Functional Training,2020-01-07,14:25:30,2020-01-21,11:29:42,Vision-oriented incremental portal,0,Arraga,1
179,Registered Patent Attorney,2020-04-24,9:53:35,2020-05-19,4:56:39,Pre-emptive composite contingency,0,,0
180,Meet Bailey LLC,2020-07-10,9:21:23,2020-07-12,8:44:14,Persevering radical concept,5,,1
181,SMSTS,2020-05-07,7:21:37,2020-05-23,15:00:49,,1,,0
182,take 43996,2020-06-14,3:51:49,2020-07-10,17:33:31,,5,,1
183,Oracle RAC,2020-10-21,0:40:25,2020-11-11,19:04:39,Mandatory systematic methodology,3,,0
184,Vtiger,2020-10-21,8:00:47,2020-11-07,1:46:12,Compatible uniform analyzer,0,,1
185,PTH,2020-10-14,13:16:19,2020-10-27,18:21:55,,5,,0
186,Energy Efficiency,2020-09-17,0:18:25,2020-09-26,11:11:54,Robust discrete intranet,0,,0
187,take 44105,2020-10-01,1:40:21,2020-10-26,11:59:02,,5,,1
188,Lien,2020-05-08,7:29:59,2020-05-30,10:15:53,Team-oriented intangible database,2,,0
189,take 44070,2020-08-27,15:37:11,2020-09-25,9:40:07,Inverse dedicated hardware,4,,1
190,Ideas NX,2020-07-04,6:53:03,2020-07-07,20:55:15,,5,,0
191,Shopko,2020-01-05,0:28:48,2020-01-06,21:47:22,,3,,0
192,Trading,2020-03-17,20:54:28,2020-03-17,5:11:08,Optimized intermediate system engine,1,,0
193,Graduate Recruitment,2020-06-20,12:29:33,2020-07-15,23:12:25,Reverse-engineered actuating productivity,4,,1
194,Hydrogeology,2020-01-23,10:37:33,2020-02-17,12:44:49,User-friendly heuristic matrices,0,,1
195,Fordem,2020-09-08,10:56:37,2020-09-11,11:35:17,Face to face well-modulated access,4,Callanca,1
196,Nascetur.avi,2020-08-03,12:50:14,2020-08-23,21:39:15,Adaptive systematic structure,4,,0
197,Shell Scripting,2020-07-22,22:14:42,2020-08-20,18:48:33,Intuitive asynchronous collaboration,4,,1
198,take 43970,2020-05-19,14:33:34,2020-06-04,8:14:03,Realigned optimal productivity,5,Zhulan,1
199,Ultiboard,2020-07-19,7:03:33,2020-07-24,18:49:11,,1,,1
200,Physical Oceanography,2020-05-15,8:21:48,2020-06-07,13:32:17,Cross-group solution-oriented portal,2,Lyskovo,1
201,take 43797,2019-11-28,7:49:52,2019-11-28,17:58:25,User-centric next generation ability,5,,0
202,SapienCursusVestibulum.avi,2020-02-13,12:01:13,2020-03-09,23:19:17,Synchronised explicit model,1,,1
203,Budgets,2020-09-04,2:03:33,2020-09-12,0:57:58,Cross-group responsive budgetary management,4,,0
204,Butterfield,2020-04-15,2:22:07,2020-05-11,13:33:05,De-engineered bandwidth-monitored hardware,1,,1
205,GIS,2020-05-04,10:48:04,2020-05-17,22:14:26,Multi-tiered modular superstructure,4,,1
206,Typesetting,2020-06-30,14:32:26,2020-07-03,13:23:41,Open-source 24 hour challenge,3,,0
207,Branch Banking,2020-05-23,21:46:03,2020-06-13,12:21:12,Integrated 24/7 help-desk,2,,1
208,Occupational Therapists,2020-01-28,8:24:46,2020-02-14,4:40:58,Optional full-range extranet,1,Taoyuan,0
209,Rx,2020-06-23,19:13:16,2020-06-28,22:39:13,Profound zero tolerance interface,4,Temirtau,0
210,Rockefeller,2020-04-11,1:57:18,2020-05-07,18:15:37,,5,,0
211,take 43968,2020-05-17,3:13:04,2020-05-30,14:41:14,,4,,0
212,AOI,2020-08-09,11:25:33,2020-08-19,3:11:07,Synergized mission-critical alliance,0,Mbinga,0
213,take 43907,2020-03-17,12:10:36,2020-03-18,20:34:52,Pre-emptive regional function,1,,0
214,Meeting with Deckow Group,2020-01-08,16:14:10,2020-01-12,9:22:49,,2,,0
215,take 43817,2019-12-18,4:27:57,2020-01-02,14:18:40,Mandatory tertiary synergy,0,,1
216,Financial Risk Management,2020-05-29,12:09:46,2020-06-12,15:37:34,,3,,0
217,Piping,2020-06-20,13:19:03,2020-07-16,18:50:27,Multi-layered upward-trending initiative,2,,1
218,RS422,2020-09-16,12:41:33,2020-10-06,8:22:33,,1,,0
219,Agency MBS,2020-01-14,19:17:06,2020-01-14,18:16:06,Digitized zero defect database,3,,0
220,Spaight,2019-12-30,12:40:43,2020-01-01,6:41:00,Operative object-oriented encryption,0,,1
221,PMO Design,2020-09-08,8:55:52,2020-10-06,2:26:28,Phased system-worthy matrices,0,,1
222,Biomass,2019-11-29,15:41:38,2019-12-19,9:30:08,Grass-roots coherent contingency,3,,1
223,German,2020-06-20,10:35:40,2020-07-11,4:40:41,Re-contextualized bifurcated challenge,0,,1
224,take 44119,2020-10-15,18:07:40,2020-11-11,16:58:33,Profit-focused analyzing artificial intelligence,1,,0
225,IBM HTTP Server,2020-02-28,0:25:59,2020-03-16,3:08:18,Secured explicit complexity,3,,1
226,Zines,2020-10-18,2:22:28,2020-10-29,12:48:14,,2,,0
227,Snorkeling,2020-06-27,0:51:45,2020-07-23,15:19:59,Operative fresh-thinking policy,4,,0
228,Logistics Management,2019-11-02,3:16:11,2019-11-05,11:17:51,Fully-configurable systematic challenge,1,Baitu,0
229,Xserve,2020-01-25,23:42:58,2020-01-25,18:54:59,,5,,0
230,CG Lighting,2020-05-11,20:36:25,2020-05-31,11:57:26,Ameliorated dedicated throughput,4,,0
231,Kedzie,2020-08-03,8:01:42,2020-08-12,2:53:41,Synergized hybrid complexity,5,,0
232,GDS systems,2020-01-15,11:39:09,2020-02-01,15:13:04,,1,Atamyrat,0
233,Volleyball,2020-05-30,23:18:54,2020-06-21,5:47:22,Exclusive empowering help-desk,5,,0
234,FCL,2020-03-25,5:02:04,2020-04-02,18:13:13,Total hybrid secured line,3,Strogino,1
235,NCAA Compliance,2020-02-23,11:20:04,2020-03-13,2:24:57,Up-sized reciprocal hardware,5,,0
236,Vsftpd,2020-01-08,0:53:44,2020-01-12,18:33:57,Reverse-engineered neutral time-frame,4,Shazikou,1
237,WebSphere MQ,2020-03-13,6:05:14,2020-04-09,10:43:17,Quality-focused coherent circuit,3,Locmine,1
238,Office Administration,2020-04-22,10:28:08,2020-04-28,18:31:24,Organic attitude-oriented frame,2,Vale da Serra,1
239,FMV,2020-08-06,20:39:10,2020-08-21,16:02:04,Re-contextualized object-oriented architecture,2,,0
240,Board Development,2020-01-19,12:39:44,2020-02-17,22:10:30,Visionary bifurcated collaboration,5,,0
241,take 43893,2020-03-03,5:57:34,2020-03-23,20:15:12,Function-based contextually-based workforce,1,,1
242,Yard Signs,2020-01-13,19:27:30,2020-01-29,7:50:56,,3,,1
243,take 43932,2020-04-11,0:13:23,2020-05-10,21:16:13,Sharable human-resource customer loyalty,2,Cubara,0
244,Estate Planning,2019-11-03,16:34:23,2019-11-04,0:30:41,,3,,0
245,HP Openview,2019-11-07,12:38:56,2019-12-02,8:25:41,Universal 6th generation circuit,5,Vichy,1
246,Victoria,2019-12-15,22:59:21,2019-12-26,5:19:46,Enhanced directional conglomeration,3,,0
247,Myrtle,2019-10-23,19:37:47,2019-10-26,1:45:01,Assimilated upward-trending encoding,1,,0
248,MSP430,2019-11-13,23:41:07,2019-11-19,18:53:27,,3,,0
249,Eleifend.tiff,2020-03-24,6:43:22,2020-04-06,11:08:48,Visionary local analyzer,5,,1
250,NCS,2020-08-21,21:24:12,2020-09-09,20:54:06,Intuitive regional analyzer,4,,1
251,Strategic Planning,2020-02-04,6:31:48,2020-03-03,4:09:54,Object-based content-based installation,2,Infanta,0
252,take 43778,2019-11-09,17:14:12,2019-12-02,16:34:57,Re-contextualized heuristic open system,5,,1
253,Utilization Management,2020-01-08,14:25:26,2020-01-29,14:44:55,Front-line mission-critical matrices,1,Jiangzhou,1
254,Meeting at Connelly and Sons,2020-07-10,9:44:40,2020-07-28,1:33:11,Sharable multimedia orchestration,2,,0
255,Failure Analysis,2020-04-04,8:50:26,2020-04-29,15:59:14,Grass-roots mission-critical flexibility,5,Tianya,1
256,Riverside,2020-03-25,22:41:37,2020-04-18,21:05:08,Business-focused local knowledge user,5,,0
257,take 44000,2020-06-18,17:41:07,2020-06-23,3:09:02,Persistent 6th generation orchestration,4,,0
258,Banquets,2019-11-25,3:15:14,2019-11-25,0:21:57,,3,,0
259,HCM Processes &amp; Forms,2019-10-23,23:34:16,2019-11-15,14:27:13,Cross-platform high-level array,0,,1
260,Korean,2020-10-04,6:55:38,2020-10-06,5:33:47,Distributed holistic projection,4,Amagasaki,0
261,Process Improvement,2020-04-16,9:55:09,2020-05-03,5:00:04,Re-contextualized contextually-based Graphical User Interface,5,Novy Bor,0
262,Data Center,2020-07-26,4:10:46,2020-08-13,22:02:09,Reduced even-keeled application,2,,0
263,Organizational Development,2020-03-27,0:41:23,2020-03-28,14:51:49,Proactive contextually-based moratorium,4,,1
264,take 44001,2020-06-19,16:21:39,2020-07-09,9:26:06,,1,,1
265,MDRs,2020-03-16,20:16:55,2020-04-14,3:38:16,,5,,0
266,Immunology,2020-05-28,6:45:08,2020-06-12,21:31:42,Profit-focused fault-tolerant complexity,1,,0
267,Cisco Nexus,2019-10-28,10:47:49,2019-11-23,9:23:20,Monitored dedicated initiative,1,Cielmice,0
268,Meet Ledner-Wilkinson,2020-04-25,5:37:15,2020-05-05,18:01:50,,4,,1
269,Gold,2020-09-04,1:25:13,2020-09-26,6:22:31,Upgradable logistical leverage,3,,0
270,Meet Runolfsdottir-Denesik,2020-02-10,19:14:55,2020-02-17,6:32:37,Fully-configurable methodical throughput,0,,1
271,Pyrometallurgy,2019-10-29,4:55:19,2019-11-03,10:10:54,Adaptive composite access,5,,0
272,take 43863,2020-02-02,17:51:52,2020-02-22,2:16:29,Re-contextualized holistic implementation,2,,0
273,MCDBA,2020-05-15,4:52:53,2020-06-05,4:52:40,Centralized incremental migration,2,D?bno,0
274,take 43964,2020-05-13,22:27:14,2020-06-05,12:14:14,Front-line next generation standardization,3,,1
275,take 43868,2020-02-07,10:21:12,2020-03-03,3:19:56,,4,,1
276,OEM contracts,2020-04-06,3:27:54,2020-04-13,3:45:52,Object-based systematic help-desk,2,,0
277,Watercolor Illustration,2019-12-06,15:48:58,2019-12-20,4:33:38,Innovative bandwidth-monitored concept,2,,1
278,Meet Wisoky and Sons,2020-09-02,16:28:31,2020-10-01,23:46:04,Face to face solution-oriented analyzer,1,,1
279,Dutch,2019-11-27,15:35:19,2019-12-09,12:39:57,Down-sized non-volatile project,2,,1
280,MMI,2019-11-20,23:19:44,2019-12-08,21:08:38,Realigned coherent leverage,5,Agraharam,1
281,take 43886,2020-02-25,3:44:40,2020-03-04,14:35:03,Total stable intranet,0,Ma'an,1
282,take 44041,2020-07-29,0:45:46,2020-08-03,1:14:06,Mandatory global policy,5,,0
283,WSDL,2020-08-25,2:14:11,2020-09-16,8:01:39,Synchronised national hierarchy,4,,1
284,take 43770,2019-11-01,14:17:32,2019-11-17,16:36:52,Universal homogeneous flexibility,5,,0
285,National Security,2020-02-06,16:42:17,2020-02-17,21:07:46,Decentralized homogeneous methodology,4,,1
286,DVT,2020-07-04,11:44:25,2020-07-26,17:56:45,Right-sized global toolset,5,,1
287,Meeting with Oberbrunner LLC,2020-03-02,20:08:33,2020-03-12,16:31:22,,5,,1
288,Meeting with Jerde Inc,2020-02-17,22:17:47,2020-03-08,23:17:39,Phased disintermediate solution,0,Banpu,1
289,Meet Maggio-Treutel,2020-09-11,1:53:12,2020-09-20,15:14:31,Mandatory global data-warehouse,3,,1
290,take 43918,2020-03-28,16:22:30,2020-04-25,18:14:22,Exclusive client-server knowledge user,5,Kulunda,0
291,Immigration Law,2019-11-23,15:46:23,2019-12-22,16:23:42,Compatible eco-centric instruction set,5,Puzi,0
292,take 43866,2020-02-05,11:05:50,2020-02-24,13:39:42,Assimilated background productivity,5,,1
293,PPDS,2020-09-28,16:37:04,2020-10-26,2:01:51,Pre-emptive context-sensitive ability,0,,0
294,MPR,2020-01-13,15:54:23,2020-02-01,18:25:10,,4,,1
295,take 43901,2020-03-11,12:55:25,2020-03-18,16:41:06,Reduced transitional secured line,1,,1
296,CGI,2020-04-04,18:34:16,2020-05-03,4:00:31,,1,,1
297,Brickson Park,2020-01-21,11:13:24,2020-01-26,5:07:26,,5,,0
298,vCloud,2020-09-20,5:47:40,2020-10-05,12:40:02,Cross-platform 3rd generation installation,4,,1
299,Urban Regeneration,2019-12-19,6:10:29,2020-01-06,19:31:36,Object-based leading edge function,5,,0
300,GNU Debugger,2019-12-14,21:34:36,2020-01-06,8:02:59,Programmable full-range data-warehouse,2,,1
301,Zinc,2020-05-02,0:40:13,2020-05-05,4:35:18,Digitized well-modulated framework,1,,0
302,Fluorescence Microscopy,2020-10-13,12:04:06,2020-11-02,3:26:52,Quality-focused systemic local area network,2,,0
303,RPG III,2020-01-13,9:40:05,2020-02-06,4:08:44,Up-sized contextually-based strategy,5,,0
304,take 43970,2020-05-19,13:55:24,2020-05-27,19:23:23,Upgradable 4th generation data-warehouse,3,,0
305,IAR,2020-01-26,1:12:39,2020-02-14,6:01:12,Expanded demand-driven knowledge base,4,Ilaya,0
306,PBUSE,2020-06-01,5:52:28,2020-06-22,22:39:59,Total 24 hour Graphic Interface,4,,1
307,Meeting at Cummerata-Hermann,2020-09-17,10:05:26,2020-09-19,2:59:18,Reduced holistic synergy,2,,0
308,Treatment,2019-11-02,20:38:04,2019-11-15,5:55:27,,4,Dugu,0
309,"Meeting with Christiansen, Howe and Casper",2020-09-18,22:40:19,2020-10-01,2:42:31,Future-proofed asymmetric groupware,1,Ptghunk?f,0
310,Style Guides,2020-10-12,14:06:02,2020-11-01,8:06:45,Multi-lateral explicit help-desk,4,Boucinhas,1
311,Analysis,2019-11-18,2:32:44,2019-12-02,5:28:33,Ameliorated content-based success,3,,1
312,Backbone.js,2020-04-05,8:33:23,2020-05-03,18:53:02,,3,Pandanwangi,1
313,EPANET,2020-04-26,19:33:46,2020-04-28,16:13:54,Visionary global focus group,0,,1
314,SharePoint Server,2020-07-15,23:21:37,2020-08-09,9:08:19,Extended regional project,2,,0
315,Forest,2020-06-07,22:17:24,2020-06-27,22:16:22,,3,,0
316,Visual Basic,2020-03-20,8:42:32,2020-03-29,20:36:37,Reverse-engineered secondary matrix,1,,1
317,Kinesio Taping,2019-12-15,9:23:54,2019-12-25,2:26:32,Function-based transitional architecture,2,,1
318,Meet Denesik Inc,2019-11-03,2:57:08,2019-11-08,15:58:37,Upgradable global database,2,?Q?p?t???r?y??,0
319,Social TV,2020-08-21,0:35:37,2020-09-01,16:15:27,Multi-channelled asymmetric ability,3,,1
320,Colorado,2020-10-12,20:51:23,2020-10-20,14:40:35,Configurable regional groupware,1,Bitin,0
321,Eye Surgery,2020-02-04,13:49:42,2020-02-24,2:31:48,Enhanced local website,2,Huntington,1
322,"Meet Abbott, Bergstrom and Jaskolski",2020-02-23,7:30:57,2020-03-12,14:16:35,Ergonomic 4th generation Graphical User Interface,5,,1
323,PorttitorPede.ppt,2020-02-07,17:38:02,2020-02-18,7:08:56,,4,,0
324,Fax,2020-04-21,19:10:50,2020-05-09,21:48:51,,4,,0
325,NRP,2020-01-23,16:49:24,2020-01-27,0:49:35,Optional foreground support,5,,1
326,Graceland,2020-01-09,12:37:12,2020-01-18,7:07:39,Re-contextualized value-added flexibility,4,,1
327,Utah,2019-12-20,11:53:35,2019-12-22,23:56:13,Object-based multi-state monitoring,0,,0
328,DxDesigner,2020-03-16,17:52:46,2020-03-17,9:33:07,User-friendly incremental encryption,4,,0
329,"Meet Spencer, Macejkovic and Hegmann",2020-05-05,4:13:02,2020-05-15,1:19:15,Reactive maximized matrix,5,,0
330,take 43968,2020-05-17,21:34:49,2020-06-01,17:00:38,Digitized bandwidth-monitored artificial intelligence,5,Kulykiv,1
331,Kinetics,2020-02-24,14:02:05,2020-02-25,8:02:39,Proactive didactic hub,3,Emiliano Zapata,0
332,FSMS,2020-08-17,4:55:30,2020-08-17,22:11:08,Multi-layered tangible frame,1,,0
333,Mobile Applications,2020-05-01,13:22:56,2020-05-18,20:48:17,Object-based grid-enabled superstructure,2,Dulce Nombre de Culmi,1
334,Tally ERP,2020-01-30,22:40:50,2020-02-21,20:17:20,Balanced systematic productivity,2,Kunyang,0
335,Rooms Division,2019-11-07,13:29:48,2019-12-06,4:29:26,Fully-configurable interactive toolset,1,,1
336,VSS,2020-07-15,2:06:34,2020-08-02,2:54:09,Programmable content-based superstructure,2,,1
337,Bluestem,2020-08-24,17:15:05,2020-09-22,17:29:32,Expanded actuating definition,4,,0
338,Influence Others,2020-06-03,6:39:22,2020-06-12,22:57:19,Vision-oriented bottom-line collaboration,5,,1
339,ICEM CFD,2020-02-12,21:07:18,2020-03-05,19:55:56,Optional 5th generation array,5,,0
340,Radio,2020-02-25,6:48:26,2020-03-09,5:50:47,Devolved responsive challenge,3,Ezhou,0
341,Merry,2020-07-07,17:06:33,2020-08-02,22:26:59,Re-engineered content-based structure,1,Jiangning,0
342,TDI,2020-07-01,12:00:01,2020-07-14,22:56:13,Enterprise-wide eco-centric functionalities,4,,0
343,Social Services,2020-02-17,7:40:44,2020-03-17,4:24:04,Extended needs-based frame,1,Arras,0
344,FTP,2020-02-15,16:28:34,2020-03-01,16:09:57,Ameliorated tertiary internet solution,2,,1
345,IBM Rational Rhapsody,2019-12-07,16:00:22,2019-12-29,16:32:35,Ameliorated reciprocal Graphic Interface,0,,1
346,Governance,2019-11-19,22:21:05,2019-11-24,3:30:51,Exclusive 24/7 flexibility,5,,1
347,OEIC,2020-08-23,20:37:27,2020-09-20,2:22:35,Up-sized 6th generation circuit,3,,1
348,CTFL,2019-12-14,2:20:56,2020-01-10,22:15:26,,2,Santa Ana,0
349,DMEDI,2019-11-28,23:34:48,2019-12-27,5:25:25,Progressive bottom-line algorithm,2,,0
350,USDA,2019-12-08,0:56:34,2019-12-26,7:31:17,Implemented client-server application,1,,1
351,Graphic Design,2020-02-14,18:37:03,2020-02-17,8:44:21,Synchronised regional Graphic Interface,1,,0
352,take 43972,2020-05-21,10:39:11,2020-06-10,12:28:04,,4,,1
353,VRS,2020-02-15,5:15:01,2020-02-18,1:08:49,Function-based responsive analyzer,5,,1
354,OLEDs,2020-04-10,21:22:28,2020-04-26,17:47:23,Multi-tiered analyzing hardware,0,,1
355,RutrumNulla.mp3,2020-05-05,10:56:28,2020-05-20,19:39:31,,2,,1
356,Karstens,2020-03-11,13:00:42,2020-04-06,0:47:41,Ergonomic needs-based Graphic Interface,3,,0
357,Flame AA,2020-08-29,21:41:11,2020-09-08,6:13:55,Compatible hybrid benchmark,0,Kuala Terengganu,0
358,"Meeting at Dibbert, Weimann and Daniel",2019-12-04,0:24:45,2019-12-22,19:01:15,,2,Itajuipe,0
359,Axure RP,2020-10-09,23:02:50,2020-10-14,1:25:33,User-friendly zero defect knowledge base,1,,1
360,Childcare,2019-10-24,8:08:52,2019-10-27,10:09:10,Reverse-engineered upward-trending frame,2,Partesh,0
361,Civil Society,2020-04-15,2:42:28,2020-04-26,17:52:57,Intuitive context-sensitive model,4,,1
362,Unicenter TNG,2020-06-25,20:23:36,2020-07-14,16:20:15,De-engineered asymmetric circuit,4,Sanlicheng,0
363,Meet Nader-Mosciski,2020-01-12,19:01:55,2020-01-26,1:22:43,Versatile non-volatile installation,3,Yuanmou,0
364,Orin,2020-04-12,6:21:59,2020-05-01,5:56:30,Proactive holistic focus group,1,,0
365,DSP BIOS,2020-09-20,3:56:49,2020-10-06,13:56:49,Extended static leverage,3,,1
366,Piano,2019-11-02,14:24:33,2019-11-02,5:31:19,Face to face well-modulated encoding,1,,1
367,Meeting at Cassin Group,2020-10-12,4:39:29,2020-10-25,23:28:50,Operative disintermediate implementation,3,,0
368,Sage,2019-11-24,4:13:32,2019-12-11,12:18:40,Re-engineered logistical migration,3,,0
369,Vulcan,2020-08-18,11:18:27,2020-09-01,22:26:44,Switchable upward-trending internet solution,3,,0
370,Melrose,2020-04-29,15:23:59,2020-05-13,5:40:45,,1,Jimusa?fer,0
371,Gastroenterology,2019-12-10,19:39:37,2019-12-16,10:48:54,Balanced modular artificial intelligence,2,,0
372,Brokerage,2020-10-04,23:23:16,2020-11-01,14:21:32,,5,Laoag,1
373,Real Estate Due Diligence,2019-11-16,4:44:01,2019-11-23,12:48:57,Horizontal intangible artificial intelligence,5,,1
374,Eye Surgery,2020-08-26,21:43:40,2020-09-19,7:57:09,Open-source full-range info-mediaries,2,,0
375,Lawn,2020-09-17,21:00:37,2020-09-24,18:58:25,Realigned multimedia orchestration,4,,0
376,Pipefitting,2020-10-06,16:43:35,2020-10-31,17:12:22,Extended coherent core,1,,1
377,IVDD,2020-06-01,10:04:57,2020-06-19,12:28:35,Cross-platform 6th generation conglomeration,2,,0
378,take 43798,2019-11-29,15:29:04,2019-12-24,6:35:18,Seamless multi-state analyzer,4,Bom Conselho,0
379,Browning,2019-12-19,5:53:26,2019-12-25,12:39:13,Self-enabling context-sensitive customer loyalty,3,,1
380,Doe Crossing,2020-03-11,6:40:24,2020-04-01,15:41:24,Networked content-based throughput,3,,1
381,take 44034,2020-07-22,4:49:38,2020-08-18,19:01:35,Right-sized solution-oriented core,3,,0
382,"Meet Kris, Klein and Borer",2020-05-26,8:35:38,2020-06-15,12:09:31,Object-based transitional frame,1,,1
383,Gifted Education,2020-05-15,14:48:15,2020-05-29,9:53:52,Team-oriented needs-based access,3,,0
384,DuiMaecenas.avi,2020-01-17,11:38:08,2020-02-05,17:29:00,Seamless asynchronous policy,5,,1
385,take 44000,2020-06-18,12:08:06,2020-07-09,11:07:01,Cloned zero tolerance structure,5,,1
386,Armistice,2020-02-05,15:07:54,2020-02-05,9:14:01,,5,,0
387,Pawling,2020-09-07,20:51:33,2020-09-16,9:41:21,Integrated discrete access,3,Santa Helena de Goias,1
388,Di Loreto,2020-01-02,6:56:48,2020-01-12,13:13:04,Open-architected zero administration installation,4,,1
389,UtTellus.ppt,2020-10-07,7:55:25,2020-10-29,3:15:24,,4,,1
390,Professional Ethics,2019-11-09,18:24:28,2019-11-24,10:26:50,Automated exuding standardization,1,,0
391,Farragut,2020-03-01,2:21:59,2020-03-25,11:45:34,Multi-layered local neural-net,5,,1
392,take 43867,2020-02-06,6:06:18,2020-03-05,0:54:05,Reverse-engineered clear-thinking neural-net,4,,0
393,take 44049,2020-08-06,22:25:58,2020-08-16,9:26:17,Optional motivating interface,2,Picoto,1
394,take 43859,2020-01-29,20:30:34,2020-02-27,23:06:04,Extended multi-tasking matrix,5,,0
395,Meet Dach-Christiansen,2019-11-01,22:08:15,2019-11-03,0:27:31,,5,,1
396,take 44044,2020-08-01,10:01:57,2020-08-16,0:00:58,,4,,0
397,Meet Goldner-Mayer,2020-09-06,22:27:02,2020-10-01,15:38:02,Total system-worthy projection,0,Fengmu,0
398,take 43987,2020-06-05,5:52:33,2020-06-15,15:51:53,Reactive optimizing model,4,,0
399,Meeting at Hauck-Connelly,2019-11-27,2:44:24,2019-12-15,23:52:51,Customer-focused attitude-oriented access,3,,1
400,LCL,2020-06-18,4:37:28,2020-06-20,11:15:18,Adaptive client-driven website,3,Savelugu,0
401,"Meet Tromp, Brekke and D'Amore",2020-06-11,5:34:47,2020-07-07,11:16:28,Sharable high-level alliance,4,,1
402,Meet Rosenbaum-Greenfelder,2020-04-26,10:37:31,2020-05-08,14:12:00,Programmable object-oriented capability,2,Abiko,0
403,"Meet Hayes, Mohr and Harvey",2020-05-22,23:41:35,2020-06-07,10:41:15,Multi-lateral explicit hierarchy,3,Bulog,1
404,take 44076,2020-09-02,2:11:11,2020-09-21,5:38:37,Diverse 6th generation capacity,4,Ozerki,0
405,Upham,2020-10-20,19:46:47,2020-11-18,2:07:45,,2,,0
406,Ocean,2020-07-26,19:51:04,2020-08-23,17:57:25,Networked 6th generation forecast,1,,0
407,GNU Debugger,2020-02-01,16:09:10,2020-02-23,5:35:03,Persistent bi-directional core,2,,1
408,APO SNP,2020-10-08,5:45:13,2020-10-20,2:55:36,,2,,1
409,Meeting at Hand Group,2020-02-29,16:10:37,2020-03-02,8:11:28,Inverse holistic synergy,5,,1
410,Microsoft Publisher,2019-11-27,22:55:17,2019-12-18,6:34:50,,2,,0
411,After FX,2020-07-25,7:13:25,2020-08-12,5:40:46,,1,,1
412,take 44104,2020-09-30,16:13:21,2020-10-22,9:08:38,Fully-configurable systemic Graphic Interface,0,,0
413,Hiring,2020-02-03,6:11:41,2020-02-11,2:19:54,Programmable executive product,2,,0
414,CMake,2020-03-19,21:54:24,2020-03-23,4:11:06,Reduced tertiary utilisation,1,,1
415,Family Therapy,2020-06-21,0:23:55,2020-07-09,13:11:59,Self-enabling explicit initiative,4,,1
416,Meeting with Skiles Inc,2020-04-17,17:00:29,2020-04-25,11:43:38,,5,,0
417,take 44010,2020-06-28,6:17:54,2020-07-21,21:39:02,,5,Itapetinga,0
418,LPS,2020-05-08,18:00:18,2020-05-21,0:54:39,Reverse-engineered transitional model,2,,1
419,Meet Wolf and Sons,2020-04-23,6:22:43,2020-05-15,22:18:45,Sharable 5th generation toolset,1,,0
420,Protein Purification,2020-04-28,14:29:41,2020-04-29,15:53:52,Reverse-engineered full-range knowledge base,2,,0
421,SBT,2019-12-15,18:41:49,2019-12-19,5:57:15,Distributed value-added focus group,5,Pitogo,0
422,Sales Process,2020-07-09,15:42:11,2020-07-11,0:35:34,,0,Dafeng,1
423,Meeting at Hilll Inc,2019-12-16,15:02:54,2019-12-31,12:42:52,Business-focused zero administration groupware,1,,1
424,MS VC++,2020-05-26,7:47:03,2020-06-02,22:04:03,Assimilated clear-thinking contingency,0,,0
425,take 44066,2020-08-23,8:56:06,2020-09-03,4:25:37,,1,,1
426,Tortoise SVN,2020-01-31,17:09:42,2020-02-14,22:50:10,,2,Shuikou,0
427,Aviation,2020-02-12,11:57:23,2020-02-15,1:57:30,Function-based cohesive archive,2,,1
428,Japanese,2020-01-21,3:20:11,2020-02-01,15:44:49,Enhanced intangible portal,5,,0
429,EU Law,2019-11-22,21:20:12,2019-11-29,10:16:51,Self-enabling 24 hour hierarchy,3,,1
430,SSPS,2020-02-21,8:03:23,2020-02-28,14:30:57,Total high-level secured line,2,,1
431,Meet Hirthe Inc,2020-05-08,5:51:06,2020-05-26,17:18:26,,3,,1
432,Adolescents,2020-10-11,10:04:43,2020-10-29,10:02:19,Progressive encompassing firmware,0,,0
433,HR Management,2020-03-26,21:51:06,2020-04-24,4:25:56,Inverse encompassing array,0,,1
434,take 44027,2020-07-15,2:54:16,2020-08-07,15:09:40,,5,,0
435,Meeting with Brekke Group,2020-09-22,18:16:09,2020-10-07,22:15:28,Monitored analyzing initiative,4,,1
436,take 43971,2020-05-20,22:09:03,2020-05-24,8:27:38,Enterprise-wide well-modulated monitoring,1,,0
437,FSL,2020-05-27,14:42:55,2020-06-15,17:40:17,Quality-focused reciprocal knowledge base,0,,0
438,Pastoral Care,2020-01-29,5:08:31,2020-02-15,19:16:04,Monitored eco-centric contingency,2,,1
439,Three.js,2020-01-27,5:08:12,2020-02-14,2:34:30,Profit-focused secondary Graphic Interface,5,,0
440,take 43894,2020-03-04,3:44:38,2020-03-13,12:45:07,Customizable well-modulated benchmark,1,,0
441,Global Health,2020-08-25,1:47:38,2020-09-09,2:11:37,Open-source system-worthy internet solution,0,,1
442,WMOS,2020-08-28,23:34:25,2020-09-23,1:55:50,Re-engineered object-oriented firmware,3,,0
443,Site Plans,2020-02-06,9:30:19,2020-03-03,2:08:04,Organic demand-driven infrastructure,5,,0
444,Meeting at Okuneva and Sons,2020-05-29,16:39:14,2020-06-05,4:56:46,User-centric 6th generation knowledge user,2,,1
445,Derek,2020-04-29,20:08:00,2020-05-23,0:38:44,Progressive bifurcated knowledge user,0,,1
446,Ut.avi,2020-07-21,22:07:00,2020-07-22,15:59:37,Persistent national frame,0,,0
447,TMA,2020-09-08,10:17:50,2020-09-27,1:38:23,Networked client-server neural-net,3,Caldelas,1
448,Workers Compensation,2020-05-29,17:10:19,2020-06-19,23:00:57,User-centric methodical concept,2,Kstovo,1
449,Duis.txt,2020-10-06,1:32:52,2020-10-19,19:48:47,,1,,0
450,Meet Ebert-Boyle,2020-03-10,20:46:20,2020-03-17,7:35:01,Proactive multimedia task-force,4,,1
451,Programming,2020-08-26,18:23:02,2020-09-17,4:21:09,Object-based multi-state adapter,4,,1
452,AtTurpis.mp3,2020-09-25,15:39:16,2020-10-20,19:00:16,Future-proofed optimizing circuit,1,,0
453,XCAL,2019-10-24,11:21:12,2019-11-07,1:52:17,Robust tertiary emulation,0,,0
454,WHMIS,2020-07-13,5:14:22,2020-07-29,6:12:06,Persistent intangible complexity,3,,1
455,LectusInEst.avi,2020-05-03,18:45:55,2020-05-19,2:59:39,Cross-group even-keeled artificial intelligence,2,,0
456,CXO level engagement,2019-11-06,22:03:40,2019-12-04,4:34:30,,0,,0
457,take 43804,2019-12-05,14:08:02,2019-12-25,22:59:24,Cross-platform non-volatile focus group,3,,0
458,take 44095,2020-09-21,15:51:59,2020-09-24,8:52:25,Configurable 24/7 info-mediaries,4,,1
459,take 44088,2020-09-14,0:00:58,2020-10-08,1:36:35,Digitized full-range orchestration,3,,0
460,Elgar,2020-03-13,20:21:46,2020-03-23,6:47:30,Exclusive dynamic open architecture,2,,1
461,AAP,2020-02-03,14:26:15,2020-02-24,20:57:37,Assimilated leading edge methodology,0,,1
462,Bartelt,2020-08-31,16:42:49,2020-09-16,15:15:11,Open-source radical throughput,0,,0
463,Melody,2020-07-07,2:45:57,2020-07-28,8:01:36,Proactive logistical neural-net,3,,1
464,iPhone Application Development,2020-01-08,4:33:28,2020-01-17,18:47:30,,2,,1
465,Meeting at Howell and Sons,2020-04-07,17:41:29,2020-04-22,3:14:10,Digitized demand-driven moderator,2,Cibatuireng,1
466,Susan,2020-07-19,16:07:08,2020-08-16,15:21:42,Function-based foreground encryption,2,,1
467,VulputateElementumNullam.xls,2019-12-31,9:39:35,2019-12-31,19:14:44,,4,,0
468,"Meet Olson, Beer and Fadel",2020-03-01,4:27:38,2020-03-04,11:39:56,Realigned optimizing knowledge user,4,Kembangkerang Satu,1
469,Awesomeness,2020-04-28,8:06:12,2020-05-06,12:18:16,Devolved dynamic orchestration,3,Creteil,1
470,Roth,2019-10-25,9:22:54,2019-11-10,5:00:18,Phased directional standardization,2,,1
471,JIT,2020-08-13,12:25:29,2020-08-28,14:52:33,Inverse zero defect contingency,2,,1
472,RS/6000,2020-01-03,16:54:18,2020-01-18,18:55:21,,4,,0
473,Meet Conroy Group,2020-09-21,18:27:33,2020-10-09,3:00:30,,5,,0
474,Community Outreach,2020-10-10,9:40:35,2020-10-12,18:49:31,,2,Vabalninkas,0
475,Meeting with Ratke LLC,2020-08-27,14:05:09,2020-08-28,13:05:53,Centralized multimedia flexibility,5,,1
476,Eastwood,2020-01-21,20:55:25,2020-02-03,23:58:03,Seamless uniform knowledge base,1,,0
477,cGMP practices,2019-12-14,22:22:16,2019-12-25,21:30:08,,3,,1
478,Eye Surgery,2020-04-26,11:48:49,2020-05-04,8:36:43,,2,,0
479,TinciduntEuFelis.mpeg,2020-09-03,4:22:50,2020-10-02,8:10:40,Cross-group tangible software,2,,0
480,Sports Play-by-play,2020-01-16,4:05:31,2020-01-20,21:40:19,Multi-tiered context-sensitive flexibility,2,,1
481,IT Operations,2020-07-08,12:30:39,2020-07-10,23:20:28,Compatible reciprocal open architecture,5,Amboasary,0
482,take 43809,2019-12-10,14:10:36,2019-12-28,3:09:41,Monitored full-range Graphic Interface,5,Ipoti,0
483,Nunc.doc,2020-03-15,15:24:13,2020-04-13,19:01:07,Streamlined interactive projection,2,,1
484,Web TV,2020-01-21,15:28:03,2020-01-31,0:11:37,,5,Sohag,1
485,Glazing,2020-06-05,8:09:12,2020-06-16,16:01:44,Grass-roots incremental frame,5,Ohrid,0
486,Meet Boehm Group,2020-02-13,11:23:25,2020-02-22,1:28:21,Persistent scalable productivity,5,,1
487,Political Risk Analysis,2019-11-13,15:14:30,2019-12-09,6:08:22,,3,,1
488,Middle Office,2020-02-24,9:33:20,2020-02-26,6:07:14,Compatible holistic service-desk,5,Sifala,0
489,PurusEu.jpeg,2020-09-10,16:38:44,2020-09-12,22:13:48,Networked scalable methodology,1,,0
490,Express,2020-10-20,18:04:32,2020-11-01,19:01:51,,5,,0
491,IBM Servers,2020-06-16,0:25:31,2020-06-28,4:31:58,Digitized foreground toolset,5,Chongkan,0
492,Thierer,2020-05-30,0:50:36,2020-06-17,21:57:46,Multi-channelled contextually-based policy,5,P?ibyslav,0
493,OLAP Cube Studio,2020-05-05,7:16:40,2020-05-08,5:52:11,,1,,1
494,take 43977,2020-05-26,2:53:02,2020-06-17,20:29:06,Multi-lateral user-facing support,0,,1
495,Business Transformation,2020-05-22,12:38:42,2020-06-04,7:26:42,Object-based solution-oriented productivity,3,,1
496,Meet Davis-Miller,2019-11-03,0:38:46,2019-11-06,5:46:04,Profound transitional matrices,0,,0
497,take 43775,2019-11-06,1:10:18,2019-11-10,2:10:17,Re-engineered system-worthy definition,1,,1
498,Gel Electrophoresis,2020-03-07,0:19:30,2020-03-27,20:30:09,Object-based object-oriented database,4,,0
499,take 44004,2020-06-22,8:02:05,2020-07-16,3:06:18,,5,,0
500,Kinsman,2019-12-23,3:19:08,2019-12-24,21:12:22,,3,,0
501,Sloan,2020-01-14,3:12:23,2020-02-06,19:07:31,Extended holistic pricing structure,2,,0
502,xCAT,2019-12-21,2:12:42,2019-12-28,18:01:42,Seamless mission-critical encoding,2,,0
503,Ticketing,2020-05-09,3:12:29,2020-05-27,3:12:27,Intuitive optimal productivity,1,Letsheng,1
504,take 43869,2020-02-08,22:30:01,2020-03-01,21:22:42,,4,,1
505,Fiction Writing,2020-05-26,13:11:47,2020-06-11,7:34:08,Customizable radical encryption,4,,0
506,Work Very Well with Others,2020-06-18,18:03:58,2020-06-18,22:56:19,Synchronised background algorithm,1,,1
507,Workshops,2020-07-11,9:44:47,2020-07-17,21:23:48,,1,?imanovci,1
508,UtEratCurabitur.xls,2019-12-11,2:26:56,2019-12-23,10:44:12,Advanced radical neural-net,0,,1
509,BFSI,2020-06-21,21:46:41,2020-07-05,4:28:46,Persistent modular framework,1,,0
510,WCSF,2020-04-15,13:09:39,2020-05-06,4:14:50,Phased transitional encoding,2,,1
511,EPC,2020-08-05,18:54:19,2020-08-25,15:17:52,Implemented 24 hour challenge,1,Njeru,1
512,GNU tools,2020-05-13,8:00:52,2020-06-09,13:16:03,Synergized attitude-oriented implementation,1,Soa,1
513,take 43938,2020-04-17,11:41:49,2020-04-28,11:04:06,Reverse-engineered intangible internet solution,3,,0
514,RTLS,2020-02-26,4:41:25,2020-03-23,16:05:21,Managed global interface,0,,0
515,Adult CPR,2020-02-28,8:46:31,2020-03-22,20:10:54,,3,,0
516,Order Picking,2020-09-30,13:18:38,2020-10-22,4:16:04,Business-focused object-oriented process improvement,1,,1
517,FFA,2020-06-18,1:22:52,2020-06-25,22:06:50,,5,,1
518,Radio Production,2020-02-25,12:13:02,2020-03-24,4:32:21,,2,,1
519,Meet Monahan-Nienow,2019-11-11,13:25:22,2019-12-05,14:38:56,De-engineered value-added open architecture,5,Alor Setar,1
520,Brocade Fibre Switches,2020-10-01,4:23:53,2020-10-19,2:33:01,User-friendly human-resource task-force,5,,0
521,JBoss ESB,2019-12-15,2:47:16,2020-01-13,15:58:55,Visionary optimizing conglomeration,4,,0
522,PFI,2020-08-20,5:34:19,2020-09-04,21:25:46,Ameliorated secondary contingency,1,,1
523,Basel II,2020-08-11,1:03:18,2020-08-11,13:27:36,Cross-group 4th generation encryption,5,,1
524,Dry Eye,2020-06-02,4:42:17,2020-07-01,6:34:40,Networked responsive encryption,0,,1
525,WGA,2019-11-24,2:02:54,2019-12-21,5:51:43,Reduced multimedia moderator,0,,0
526,Meet Hoeger-Thiel,2020-07-05,22:54:09,2020-07-30,4:14:46,Operative disintermediate adapter,2,,0
527,IVDD,2019-10-30,8:21:19,2019-11-23,13:12:16,Implemented analyzing conglomeration,3,,0
528,Simulink,2020-09-24,16:16:43,2020-09-24,14:37:25,Phased fresh-thinking open system,2,,0
529,PML,2020-04-22,6:35:21,2020-05-20,17:08:11,,1,,1
530,CTF,2020-08-21,14:28:03,2020-09-14,1:34:58,User-friendly local throughput,5,,0
531,Class Actions,2020-02-08,21:12:11,2020-02-29,17:22:13,Implemented methodical support,1,Fort Dauphin,1
532,JDOM,2019-12-29,3:38:21,2020-01-24,21:21:50,Vision-oriented mobile middleware,3,,1
533,Manufacturers,2019-11-09,15:21:20,2019-12-01,9:05:10,Front-line static knowledge user,4,,1
534,Quam.doc,2020-09-19,5:47:46,2020-09-21,2:02:53,De-engineered client-server productivity,3,,0
535,EEM,2020-06-02,15:10:06,2020-06-11,17:53:59,Extended uniform service-desk,0,,1
536,Sutherland,2019-11-04,23:06:59,2019-11-09,20:16:48,Advanced radical structure,3,,1
537,Hooker,2020-05-11,21:30:19,2020-05-22,10:57:46,Re-engineered static service-desk,1,,0
538,HR Management,2020-01-06,10:50:06,2020-01-28,23:15:55,Progressive local budgetary management,2,,0
539,Waywood,2019-12-27,21:14:29,2020-01-17,14:16:39,Persistent impactful matrix,4,Huite,0
540,take 43855,2020-01-25,8:36:06,2020-02-17,11:43:41,Compatible actuating portal,4,,0
541,Information Security Awareness,2020-07-24,2:04:01,2020-08-15,5:06:01,Multi-layered dedicated firmware,0,,0
542,JVM,2019-12-27,14:49:00,2020-01-04,15:07:02,Down-sized content-based matrix,0,,0
543,Mobile Marketing,2019-11-29,21:47:52,2019-11-29,2:03:14,,1,,0
544,Radio Broadcasting,2020-01-05,0:05:14,2020-01-31,22:02:44,Public-key neutral model,3,,1
545,Meet Kunde-DuBuque,2020-04-14,0:05:35,2020-05-05,12:32:55,User-centric discrete workforce,2,,1
546,Juvederm,2020-02-09,10:45:34,2020-02-09,16:04:07,Reverse-engineered asymmetric interface,0,,1
547,Project Bidding,2020-07-10,6:40:12,2020-07-25,18:39:02,Streamlined logistical conglomeration,2,,1
548,take 44108,2020-10-04,21:07:39,2020-10-15,14:28:17,Cross-platform leading edge alliance,2,,1
549,Legal Writing,2020-06-10,4:44:20,2020-07-07,20:51:50,,2,,0
550,Dui.ppt,2020-07-02,1:23:12,2020-07-24,9:40:41,,2,,0
551,Mockingbird,2020-10-02,9:55:03,2020-10-07,15:28:34,,3,Kula,0
552,Potenti.xls,2020-05-07,3:54:03,2020-05-18,8:26:27,Inverse incremental circuit,5,,1
553,IATA,2020-04-15,4:31:42,2020-05-06,7:42:18,,1,,0
554,Analytical Skills,2020-07-11,17:25:37,2020-07-19,15:36:47,,4,,0
555,JMX,2020-06-05,4:00:49,2020-06-16,4:58:09,Right-sized next generation framework,4,,0
556,KVM Switches,2020-05-21,18:30:30,2020-06-15,12:12:49,Reactive needs-based middleware,4,,0
557,RHIT,2020-01-16,20:14:16,2020-01-22,2:12:48,Synchronised didactic intranet,5,Petropavlivka,0
558,Nonprofits,2020-09-04,8:59:44,2020-09-19,7:43:14,Persistent bifurcated secured line,3,,1
559,Zoology,2020-09-19,15:06:13,2020-09-22,14:47:36,,0,,0
560,Wovens,2020-06-03,0:18:12,2020-06-29,7:22:39,Digitized intermediate neural-net,3,,0
561,AugueVestibulum.avi,2020-05-14,8:57:38,2020-06-08,3:33:30,,3,,0
562,Meet Ortiz Group,2020-04-25,19:55:00,2020-05-08,0:04:29,Synergistic full-range implementation,0,,0
563,Meet Nicolas Group,2020-07-02,23:53:02,2020-07-29,19:21:34,Vision-oriented multi-state software,3,,0
564,Eplan,2020-09-13,7:00:40,2020-09-21,15:06:19,Virtual optimizing capability,4,,0
565,East,2020-07-15,15:05:52,2020-07-18,10:04:44,Multi-channelled multi-tasking framework,5,,1
566,SPSS,2020-07-03,3:13:19,2020-07-25,6:09:14,Digitized incremental forecast,1,,0
567,MMIC,2020-06-03,17:47:11,2020-06-16,8:23:36,Ergonomic logistical artificial intelligence,4,Pau,0
568,Meeting at Reilly-Gusikowski,2020-08-21,3:00:42,2020-08-28,8:49:02,Persevering solution-oriented contingency,1,,0
569,UK GAAP,2019-11-10,23:02:45,2019-12-05,20:22:45,Public-key hybrid matrix,1,,0
570,IP PBX,2020-01-11,23:05:19,2020-02-04,0:37:28,Profit-focused fresh-thinking contingency,4,,1
571,FDD,2020-03-19,15:36:22,2020-03-29,5:16:51,Down-sized systemic concept,0,Nor Gyugh,0
572,UtTellus.mp3,2020-08-03,8:45:58,2020-08-27,6:59:38,User-centric coherent analyzer,0,,0
573,Art Direction,2020-01-21,15:14:14,2020-02-19,12:45:24,Re-contextualized content-based customer loyalty,2,Podbuzh,0
574,IFS ERP,2020-04-08,14:52:31,2020-04-16,0:10:15,Business-focused mobile access,5,,1
575,Meet Ryan-Lakin,2020-05-08,3:48:34,2020-06-04,19:39:32,,2,Komsomol?fskiy,0
576,PWM,2020-04-03,6:19:26,2020-04-18,13:55:34,Public-key system-worthy flexibility,4,,1
577,JPOS,2019-11-19,3:46:51,2019-11-23,4:27:28,,1,,1
578,Golf View,2020-03-23,5:06:43,2020-04-10,1:58:14,Focused systematic monitoring,1,Tolu,0
579,Airline Management,2020-05-29,23:06:38,2020-06-04,20:27:09,Realigned multimedia emulation,1,,1
580,MSI,2020-09-29,18:42:48,2020-10-15,23:42:12,Diverse full-range neural-net,1,,0
581,"Meet Halvorson, Dooley and Satterfield",2020-09-16,2:07:34,2020-09-27,16:30:53,Grass-roots user-facing data-warehouse,3,,0
582,Clerical Skills,2019-12-10,18:12:10,2019-12-29,1:21:53,,1,Zhaigang,0
583,RGB,2020-09-02,15:00:04,2020-09-12,5:56:26,Profit-focused 3rd generation superstructure,0,,0
584,EuismodScelerisqueQuam.doc,2020-06-06,8:33:15,2020-06-07,10:05:12,Networked disintermediate flexibility,3,,0
585,Product Development,2019-11-20,18:11:11,2019-11-23,0:50:32,Optional bandwidth-monitored database,0,Natonin,0
586,Blood Pressure,2020-10-19,13:20:04,2020-11-01,19:27:03,Fundamental neutral synergy,4,,1
587,Lakeland,2019-11-10,13:43:21,2019-12-02,21:15:33,Optimized explicit emulation,5,,0
588,Dynamic Speaker,2020-10-05,17:19:51,2020-10-22,10:36:01,Reactive uniform core,4,,0
589,Meet Erdman Group,2020-02-24,18:47:05,2020-03-21,3:46:57,Synergized impactful Graphical User Interface,3,,1
590,Waste Management,2020-04-03,23:54:22,2020-04-03,21:31:49,Proactive context-sensitive implementation,3,,0
591,Corporate Tax,2020-01-15,23:03:47,2020-01-19,5:00:38,,5,,0
592,Veith,2020-08-26,10:47:22,2020-09-22,0:05:41,Mandatory fresh-thinking function,3,Borgustanskaya,1
593,CPG Industry,2020-02-12,14:28:48,2020-02-25,2:33:29,Proactive object-oriented toolset,4,,0
594,HMDA,2020-02-27,8:46:22,2020-03-13,14:53:00,Open-source multi-state approach,4,,1
595,Omnis,2019-12-16,21:55:52,2019-12-19,1:49:20,Balanced global projection,2,,0
596,Workshops,2020-05-13,14:13:10,2020-05-23,20:46:50,,3,Rungis,1
597,"Meet McClure, Walsh and Weimann",2020-01-31,1:59:45,2020-01-31,16:56:47,Robust non-volatile portal,0,,1
598,"Meeting with Balistreri, Sauer and Kunze",2020-07-09,12:55:46,2020-07-31,11:06:35,Persistent modular forecast,0,,0
599,RS Means,2020-03-14,4:03:42,2020-04-12,1:39:11,Function-based contextually-based benchmark,5,,0
600,take 44026,2020-07-14,3:09:55,2020-07-16,9:50:07,,2,,0
601,LCD,2020-04-08,7:09:07,2020-04-16,4:28:34,,4,,0
602,HTML Help Workshop,2020-07-16,12:24:12,2020-08-04,19:11:55,Realigned demand-driven parallelism,5,,0
603,Payroll Taxes,2020-04-30,16:24:11,2020-05-09,13:43:54,,0,,0
604,"Meet O'Keefe, Bergstrom and Kohler",2020-01-27,13:42:35,2020-02-05,5:38:13,,2,,1
605,ESB,2020-01-20,12:01:28,2020-02-04,11:57:20,,5,,0
606,take 43842,2020-01-12,16:34:16,2020-02-02,8:36:16,,1,,0
607,Wwise,2020-09-29,14:57:02,2020-10-07,16:13:31,,2,,0
608,QNXT,2020-07-28,6:49:02,2020-08-11,20:50:31,Reactive 24/7 projection,4,,0
609,"Meeting with Ebert, Botsford and Goodwin",2019-11-22,0:24:47,2019-11-30,0:03:17,,0,,1
610,Highways,2020-03-24,9:57:14,2020-04-02,14:25:05,Digitized scalable encryption,3,,0
611,HVAC,2020-01-28,0:28:38,2020-02-01,20:48:44,Intuitive composite alliance,0,,0
612,KWP2000,2020-02-22,1:23:59,2020-02-22,8:38:11,User-friendly systemic moratorium,0,,0
613,take 43852,2020-01-22,6:37:02,2020-01-25,23:04:27,Programmable dynamic leverage,5,,1
614,"Meeting at Konopelski, Blanda and Runte",2020-05-29,10:02:02,2020-06-18,22:17:36,Cross-platform grid-enabled capacity,1,,1
615,FaucibusOrciLuctus.mpeg,2020-02-02,9:28:23,2020-02-08,16:48:39,,3,,0
616,Citrix XenDesktop,2020-08-30,9:43:17,2020-09-08,14:57:29,,3,,0
617,Psychosocial,2020-03-19,16:21:33,2020-04-13,12:27:07,Assimilated 24 hour utilisation,5,,0
618,QAS,2020-03-25,14:22:36,2020-04-18,16:34:39,Integrated intangible open system,0,,1
619,Stone Corner,2020-03-01,18:57:51,2020-03-14,11:44:42,Secured executive secured line,0,,0
620,Meet Runolfsson and Sons,2020-05-30,14:17:46,2020-06-13,4:03:26,Visionary logistical secured line,1,,1
621,Meeting with Hilll-Dickinson,2020-10-13,2:13:43,2020-10-22,18:28:16,Optimized cohesive product,0,,0
622,Offshore Oil &amp; Gas,2020-06-01,13:54:06,2020-06-03,11:43:01,,0,,1
623,take 43961,2020-05-10,20:35:27,2020-05-11,22:46:15,Multi-channelled transitional protocol,4,,1
624,FM200,2020-09-23,3:30:41,2020-09-27,21:00:28,Function-based context-sensitive local area network,3,Lancaster,1
625,GSE,2020-04-09,7:42:38,2020-04-25,5:49:53,Multi-layered value-added data-warehouse,2,,1
626,"Meeting with Dietrich, Koelpin and Koss",2020-08-12,6:33:34,2020-08-13,20:12:20,Enhanced 4th generation leverage,1,,1
627,LTL,2020-07-31,11:08:59,2020-08-16,17:00:19,Self-enabling explicit attitude,5,,0
628,take 44027,2020-07-15,13:36:49,2020-07-18,23:35:44,Re-contextualized interactive challenge,4,,1
629,Knowledge Transfer,2020-06-07,11:14:46,2020-06-11,2:55:56,Phased value-added website,2,,1
630,XOG,2019-10-27,19:09:04,2019-11-12,12:03:57,Universal bifurcated contingency,2,Cikadu,1
631,Meeting at Fisher LLC,2020-10-02,22:14:49,2020-10-10,7:12:37,Optional disintermediate attitude,3,,0
632,Meet Boyle LLC,2020-01-29,16:35:04,2020-02-19,18:24:19,,4,Ungsang,1
633,HDTV,2020-06-25,14:05:14,2020-07-07,12:53:26,Team-oriented analyzing installation,2,,0
634,take 44056,2020-08-13,13:29:32,2020-08-26,1:42:27,De-engineered homogeneous implementation,3,,0
635,PV Design,2020-08-10,8:22:16,2020-09-02,17:12:49,Customer-focused optimal success,3,,1
636,XDCAM,2020-09-08,4:20:34,2020-09-14,15:34:24,Front-line multimedia open system,3,,0
637,Meet Feil Inc,2020-06-29,17:26:31,2020-07-24,13:51:55,,4,Chiguirip,1
638,FPC 1,2020-09-17,9:04:14,2020-10-16,23:42:14,Synergized transitional capability,5,,0
639,SDA,2020-02-12,16:43:14,2020-03-09,0:01:49,,2,Koshigaya,1
640,"Meeting at Kassulke, Rolfson and Adams",2019-11-28,22:26:06,2019-12-27,2:37:16,Down-sized needs-based hardware,2,,0
641,HEC-HMS,2020-03-08,17:48:17,2020-03-31,19:39:03,Ergonomic multi-state projection,4,,0
642,IRS,2020-07-28,11:34:09,2020-08-15,11:07:50,,3,,0
643,Outside Sales,2020-06-02,8:02:02,2020-06-25,15:33:34,,2,,0
644,BIM,2019-11-10,13:47:43,2019-11-16,6:59:24,Decentralized user-facing productivity,2,,1
645,MTTR,2020-02-03,20:35:26,2020-02-03,0:24:09,Advanced fresh-thinking emulation,3,,1
646,Lotus Notes,2020-05-22,5:52:04,2020-05-22,13:43:03,Future-proofed grid-enabled installation,2,,1
647,Chemistry,2020-09-13,19:40:04,2020-09-20,13:47:36,Persistent asynchronous local area network,2,,0
648,Voice Over,2020-05-17,17:04:49,2020-05-28,1:59:07,User-friendly intermediate collaboration,3,,0
649,Systems Analysis,2020-06-09,16:44:37,2020-06-29,8:39:32,Reactive exuding interface,3,,1
650,Trend Analysis,2020-02-23,3:32:06,2020-03-17,11:01:54,,5,,0
651,Meeting with Williamson LLC,2020-07-17,3:13:04,2020-07-19,10:33:35,Profound disintermediate synergy,5,,0
652,Akka,2019-12-13,0:36:13,2019-12-15,0:52:16,,1,,1
653,"Meet Hahn, Kautzer and Dooley",2020-04-06,6:31:12,2020-05-05,14:30:43,Implemented mobile moratorium,5,Ya?ferya,1
654,FSC certified,2019-12-15,16:07:24,2019-12-27,3:16:44,Exclusive executive software,1,,1
655,QS1,2020-09-22,20:59:31,2020-10-17,10:08:25,Reduced multimedia circuit,0,,0
656,PotentiCras.xls,2020-04-04,17:42:37,2020-04-15,14:38:02,Profound bifurcated collaboration,5,,1
657,Hagan,2020-04-29,2:21:31,2020-05-22,11:04:07,,2,,1
658,Sociis.mp3,2020-04-25,10:53:08,2020-05-24,14:24:51,Managed contextually-based superstructure,5,,0
659,Security Operations,2020-04-06,2:27:33,2020-04-15,13:54:26,,5,,0
660,AAR,2020-08-30,2:40:51,2020-09-22,3:50:29,Devolved analyzing success,2,,1
661,take 43812,2019-12-13,7:16:14,2019-12-19,12:38:53,Persevering human-resource portal,0,,1
662,Term Life Insurance,2020-07-14,8:45:55,2020-08-03,14:16:11,Right-sized disintermediate structure,5,Alemanguan,0
663,Drewry,2020-02-23,4:30:22,2020-03-22,0:45:09,Multi-tiered uniform interface,2,,0
664,Illustration,2020-03-17,10:26:37,2020-03-24,22:43:22,,5,Gal?fbshtadt,1
665,OAS,2020-07-06,9:54:03,2020-07-10,23:03:25,Implemented tangible support,1,,0
666,take 43905,2020-03-15,15:08:41,2020-03-25,13:19:04,Programmable maximized support,4,,1
667,LoremIpsumDolor.avi,2020-02-04,18:09:49,2020-02-12,3:49:20,Focused multimedia access,2,,1
668,NDIS,2020-10-15,14:55:17,2020-10-29,15:26:13,Phased even-keeled structure,0,,0
669,take 43992,2020-06-10,11:31:20,2020-06-12,0:56:48,Networked needs-based hardware,5,,1
670,Oracle Applications,2020-06-03,15:35:12,2020-06-05,17:19:14,Universal real-time middleware,0,,1
671,GHP,2020-08-13,10:57:45,2020-09-11,6:47:00,Inverse static methodology,0,,0
672,Watercolor,2020-06-29,9:41:16,2020-07-11,18:04:24,Extended leading edge frame,5,,1
673,WWAN,2020-06-10,7:47:34,2020-06-25,14:19:33,User-centric asymmetric process improvement,4,,1
674,Tubing,2020-09-28,11:01:05,2020-10-07,3:58:10,Synchronised explicit definition,2,,1
675,Demand Generation,2019-11-18,19:49:41,2019-11-30,16:19:57,,2,,1
676,Augue.xls,2020-10-21,9:37:39,2020-11-03,4:42:45,,2,Varginha,0
677,Xerox Printers,2020-07-21,2:22:47,2020-08-15,19:34:11,,2,,0
678,Meeting with Hammes-DuBuque,2019-10-31,8:59:03,2019-11-22,9:19:26,Customer-focused real-time utilisation,0,,0
679,IP PBX,2019-10-25,7:27:13,2019-10-31,16:49:33,,1,,0
680,Kyphoplasty,2020-05-03,13:38:24,2020-05-29,11:31:07,,3,,1
681,Jive,2019-12-09,13:48:11,2019-12-28,13:38:59,Enhanced responsive hierarchy,2,Penambangan,1
682,Massa.avi,2020-07-30,13:08:49,2020-08-18,11:25:14,Focused maximized conglomeration,4,,1
683,RTL Verification,2020-06-25,21:46:41,2020-07-05,8:54:57,Synergized tangible encryption,0,,1
684,Hands-on Training,2020-05-05,23:11:04,2020-06-02,13:05:56,Multi-channelled asymmetric system engine,1,Lujing Zhen,0
685,Case Management,2020-02-09,15:53:56,2020-02-12,8:58:48,,2,,1
686,LAN Switching,2019-12-17,4:59:30,2020-01-15,8:21:08,Organized transitional software,5,,1
687,Meeting at Goldner-Runolfsson,2019-10-24,18:09:52,2019-11-22,9:28:42,Robust actuating forecast,2,Cachadinha,1
688,Meet Will-Swift,2020-07-13,21:05:39,2020-08-03,1:24:06,Expanded eco-centric function,2,,1
689,Augue.xls,2019-12-27,18:02:47,2020-01-07,1:22:30,Multi-lateral exuding extranet,0,,0
690,take 43957,2020-05-06,12:01:38,2020-05-20,15:45:55,Realigned intermediate help-desk,1,,0
691,take 43985,2020-06-03,21:24:56,2020-06-28,9:34:30,,2,,1
692,TLC,2020-07-28,0:26:46,2020-08-11,9:23:56,,0,,1
693,Iyengar Yoga,2020-02-23,13:03:08,2020-02-24,9:58:32,Team-oriented object-oriented matrices,1,Togu,1
694,CCVP,2020-02-29,12:30:49,2020-03-15,11:48:17,Reactive high-level initiative,5,,1
695,South,2020-09-08,14:22:17,2020-09-08,18:04:18,,3,,1
696,Meet Oberbrunner Inc,2019-11-05,3:06:30,2019-11-20,4:14:36,,2,Cidolog,0
697,BSI Tax Factory,2020-03-16,11:17:35,2020-04-13,11:41:10,User-friendly user-facing knowledge base,5,Tubel,1
698,UTRAN,2020-04-24,16:04:19,2020-05-03,4:46:26,Digitized zero defect product,4,,0
699,take 44018,2020-07-06,17:08:21,2020-07-28,0:44:06,Stand-alone neutral framework,0,,0
700,Experion PKS,2020-10-01,22:03:16,2020-10-10,4:51:29,Automated heuristic product,5,,1
701,Social Media Outreach,2020-04-12,23:27:30,2020-04-21,12:43:22,,5,,1
702,John Wall,2020-06-13,5:33:22,2020-06-29,0:11:22,Customizable mobile success,3,,0
703,Xactimate,2020-01-16,0:29:39,2020-02-06,1:54:34,Operative client-driven matrices,2,,0
704,Meet Hoppe-Schaden,2020-08-16,5:01:34,2020-09-06,21:37:35,,3,,1
705,RSLinx,2020-05-09,21:29:15,2020-05-25,13:47:42,Balanced multi-tasking system engine,4,,0
706,take 43865,2020-02-04,19:44:19,2020-02-16,11:34:12,,3,,1
707,OJEU,2020-08-02,0:40:41,2020-08-20,0:28:15,Vision-oriented zero defect emulation,3,,0
708,Stephen,2020-10-16,6:42:23,2020-10-25,12:07:55,Assimilated real-time encoding,1,Krajan Kidul Rojopolo,1
709,SI,2020-07-30,3:13:23,2020-08-15,18:30:18,Open-architected dedicated model,3,,1
710,IGRT,2020-03-19,6:30:25,2020-03-28,21:22:50,Pre-emptive client-driven installation,3,Kao Liao,1
711,IP Networking,2020-06-08,4:12:34,2020-06-20,11:08:18,,0,,1
712,Analytical Chemistry,2020-02-11,7:45:02,2020-02-17,18:31:31,Multi-layered interactive encoding,2,Pare,0
713,take 44033,2020-07-21,10:47:41,2020-08-03,13:40:21,Proactive fresh-thinking challenge,1,,1
714,"Meet Bruen, Bernier and Jones",2020-03-24,21:37:48,2020-04-13,16:15:55,User-friendly zero defect structure,3,,1
715,Bay,2020-02-24,1:26:34,2020-03-13,2:56:08,Synergized coherent algorithm,0,,0
716,Meeting at Schoen Group,2020-08-13,10:51:55,2020-08-18,10:21:28,Face to face human-resource portal,1,Xinhua,0
717,Fax,2020-03-19,17:25:01,2020-03-24,3:54:43,Polarised optimizing database,5,,1
718,"Meeting at Lind, Huels and Reilly",2020-04-29,10:18:31,2020-05-05,4:20:21,Exclusive responsive utilisation,1,,0
719,Russell,2020-02-12,17:05:14,2020-02-22,12:36:18,Up-sized multi-tasking migration,4,,1
720,ITIL v3 Foundations Certified,2020-01-16,13:36:57,2020-01-31,18:56:59,,2,,1
721,Publishing,2019-12-14,8:51:23,2019-12-20,5:24:34,,1,,1
722,Meeting with Senger LLC,2020-07-29,10:22:25,2020-08-11,18:34:46,Stand-alone object-oriented data-warehouse,3,,1
723,Juniper JNCIA,2020-08-29,15:54:11,2020-09-14,10:30:14,Diverse human-resource attitude,5,,0
724,IT Service Delivery,2020-10-02,12:47:50,2020-10-20,12:36:18,Right-sized neutral superstructure,4,,0
725,take 43786,2019-11-17,16:06:16,2019-12-11,15:30:47,Versatile fresh-thinking process improvement,4,Primero de Mayo,1
726,Badeau,2020-03-06,4:28:03,2020-03-25,9:32:09,Programmable human-resource website,2,,0
727,UE,2020-09-14,4:36:52,2020-09-28,17:28:45,Persevering 24 hour utilisation,5,,1
728,Spenser,2020-01-07,14:05:32,2020-01-17,17:08:15,Multi-layered user-facing project,4,,1
729,Klout,2020-05-26,21:21:39,2020-06-11,14:37:10,,3,Sao Roque,1
730,Messerschmidt,2020-06-21,11:14:02,2020-06-30,13:05:14,Customizable static collaboration,0,,0
731,Speech Writing,2020-02-04,8:54:35,2020-03-04,22:11:40,,4,,1
732,Pivot Tables,2019-11-23,12:32:22,2019-11-26,16:45:38,Proactive value-added process improvement,3,,0
733,SGSN,2020-08-12,22:57:43,2020-08-26,6:22:37,Persevering global process improvement,1,,0
734,LDAR,2020-02-13,6:37:04,2020-03-07,19:11:57,Focused 3rd generation knowledge base,3,Golek,0
735,Publishing,2020-03-22,10:43:21,2020-04-02,11:39:05,Focused discrete service-desk,4,,1
736,"Meet Keebler, Gaylord and Konopelski",2020-07-15,20:50:13,2020-08-13,13:24:18,Balanced mission-critical matrix,2,,0
737,Estate Jewelry,2020-03-25,22:01:31,2020-04-04,17:44:19,Quality-focused multi-state Graphic Interface,3,,0
738,Receptionist Duties,2020-09-10,16:14:10,2020-09-25,0:25:32,,1,,0
739,Rsync,2020-10-15,23:49:15,2020-10-18,23:08:38,Versatile user-facing orchestration,4,Oslo,1
740,SodalesScelerisque.ppt,2020-04-15,19:39:08,2020-04-26,9:23:23,Centralized optimal system engine,4,Q?dirpur R?n,1
741,Donec.avi,2020-04-10,13:20:59,2020-05-06,13:28:59,Re-contextualized dedicated product,2,,1
742,Environmental Science,2020-04-05,0:17:18,2020-05-03,16:07:56,,0,,1
743,Management,2020-09-10,18:31:00,2020-09-15,3:25:45,Visionary object-oriented interface,1,,0
744,RDI,2020-09-05,16:44:17,2020-09-15,5:36:29,Total 3rd generation infrastructure,5,Rennes,1
745,TBMCS,2020-02-18,12:55:07,2020-02-21,2:25:42,Future-proofed zero tolerance data-warehouse,1,,1
746,Mergers &amp; Acquisitions,2020-07-15,17:01:00,2020-07-27,3:50:46,,4,,0
747,PPC,2019-10-28,15:49:56,2019-11-04,15:03:54,Fully-configurable cohesive definition,3,,0
748,take 44052,2020-08-09,4:43:40,2020-08-22,18:09:43,,5,,1
749,take 43766,2019-10-28,12:25:16,2019-11-13,10:03:31,De-engineered interactive success,0,Goshogawara,1
750,"Meeting at Ebert, Abbott and Bartoletti",2019-11-04,16:54:19,2019-11-20,22:42:26,Fully-configurable non-volatile frame,1,,1
751,TurpisSedAnte.txt,2020-08-26,4:48:00,2020-09-03,17:39:53,Vision-oriented heuristic solution,0,,0
752,Highways,2019-10-30,18:20:59,2019-11-05,1:36:30,User-friendly stable secured line,5,,0
753,Grief Counseling,2020-03-14,22:09:27,2020-04-02,20:29:09,Reverse-engineered intermediate success,0,,1
754,Ozone Therapy,2020-02-09,21:53:23,2020-02-21,15:38:19,Optimized hybrid alliance,1,,1
755,HBV,2019-12-15,20:47:31,2020-01-09,6:53:08,Versatile reciprocal capacity,3,,1
756,Oxidation,2020-06-28,1:53:08,2020-07-12,6:26:27,Streamlined scalable superstructure,2,,0
757,DTR,2019-12-11,6:09:28,2019-12-26,11:40:17,Open-source secondary knowledge user,4,,0
758,HBDI,2020-07-05,0:08:52,2020-07-22,15:59:23,Pre-emptive encompassing structure,4,,0
759,CSAT,2020-06-29,23:11:55,2020-07-11,23:36:31,Fully-configurable upward-trending middleware,1,,1
760,take 43805,2019-12-06,1:04:31,2019-12-25,18:44:30,Fundamental homogeneous structure,4,,0
761,Health Economics,2020-06-23,8:13:13,2020-07-20,16:15:18,Pre-emptive full-range access,3,,0
762,Meet Simonis Group,2020-08-15,22:41:36,2020-09-09,16:12:22,Customizable 5th generation database,2,,0
763,HD Camera Operation,2019-10-23,18:52:44,2019-10-23,6:29:07,,2,Kut Chap,1
764,Hollow Ridge,2019-11-23,7:01:21,2019-12-16,11:36:07,User-friendly intangible paradigm,3,,1
765,RMDS,2020-04-26,15:19:33,2020-05-13,5:34:21,Multi-tiered solution-oriented focus group,4,,1
766,OTN,2020-10-07,4:08:37,2020-10-21,17:41:15,Up-sized interactive project,5,,1
767,DBI,2020-01-20,13:44:44,2020-02-10,5:04:28,Fundamental actuating middleware,5,,0
768,Gina,2020-03-26,3:19:56,2020-04-20,5:14:00,Horizontal leading edge moratorium,2,,1
769,Macpherson,2020-10-13,11:48:08,2020-10-29,18:05:05,Universal modular artificial intelligence,1,,0
770,AMSI,2020-02-18,12:29:33,2020-03-15,5:13:42,Organic leading edge project,1,,1
771,InfoComm CTS,2019-11-15,15:59:44,2019-12-02,20:32:03,Mandatory zero administration ability,4,,1
772,Commercial Photography,2020-01-12,0:27:02,2020-02-04,23:53:00,Realigned uniform protocol,4,Levashi,0
773,"Meet White, Strosin and Ratke",2020-03-20,4:11:47,2020-04-01,11:41:15,Customizable client-server adapter,3,,1
774,Lymphatic Drainage,2019-11-15,8:10:12,2019-12-06,6:29:39,Multi-tiered systematic system engine,1,,1
775,SFX,2020-02-22,22:18:07,2020-03-19,4:27:06,Open-source maximized frame,2,,1
776,UIM,2020-08-10,17:16:33,2020-08-23,0:48:04,,2,Alvaro Obregon,0
777,Meeting with Kiehn-Schinner,2020-02-29,11:28:52,2020-03-04,18:10:19,Profit-focused bi-directional internet solution,4,,0
778,Lesson Planning,2020-03-27,9:20:52,2020-04-19,5:04:14,,3,,1
779,DDoS,2020-08-28,4:56:28,2020-08-29,6:24:21,Switchable fault-tolerant ability,4,,1
780,Morbi.ppt,2020-07-01,22:43:46,2020-07-19,12:14:46,Fully-configurable foreground matrices,5,,1
781,FBCB2,2020-02-09,4:26:00,2020-03-03,23:57:55,Decentralized zero defect analyzer,2,,1
782,CVIS,2020-06-30,2:58:33,2020-07-22,1:52:56,Pre-emptive methodical matrix,0,,0
783,Aerohive,2020-07-24,18:58:42,2020-08-20,8:40:31,Upgradable leading edge analyzer,0,,1
784,LyX,2020-01-27,20:52:44,2020-02-05,10:34:05,Operative asymmetric access,5,Ganjun,0
785,RED MX,2019-12-12,17:01:43,2019-12-26,21:18:28,Optimized cohesive encoding,1,,0
786,"Meet Schmeler, Collier and Heaney",2020-07-09,4:43:37,2020-07-27,16:47:22,,0,,0
787,CBCP,2020-06-27,10:23:04,2020-07-18,12:42:22,Diverse motivating forecast,5,Mibu,1
788,take 44080,2020-09-06,7:54:15,2020-09-24,6:00:02,Right-sized content-based complexity,5,,1
789,Be Your Own Boss,2020-03-24,12:01:08,2020-04-20,2:20:59,User-centric dynamic task-force,0,Mekarsari,1
790,take 43981,2020-05-30,6:34:07,2020-06-21,11:05:13,Optional disintermediate encryption,5,,1
791,Reindahl,2020-07-13,11:45:07,2020-08-01,20:33:53,Customizable asynchronous interface,0,,1
792,PgSQL,2020-02-06,16:41:40,2020-03-06,1:44:24,Programmable mobile structure,4,,0
793,MLOAD,2020-05-23,21:51:37,2020-05-30,17:33:05,Fully-configurable interactive customer loyalty,4,,0
794,DNV,2020-01-21,9:31:55,2020-02-09,18:21:16,Focused methodical protocol,4,,1
795,JBoss EAP,2020-05-20,8:41:37,2020-05-27,18:29:53,Profit-focused static moratorium,4,Zouerat,0
796,Agile Testing,2020-05-06,13:30:47,2020-05-25,17:14:06,Cross-platform optimal structure,2,Heba,0
797,CDPE Designation,2020-09-08,7:17:44,2020-09-23,22:32:21,Persevering static synergy,3,,1
798,Dovetail,2020-02-19,14:03:55,2020-03-06,4:29:11,,3,,1
799,OMNI,2020-04-12,6:30:14,2020-04-22,21:49:13,Distributed zero tolerance database,5,,0
800,RFID Applications,2020-03-18,19:12:41,2020-03-18,15:43:32,Multi-lateral maximized contingency,0,,0
801,take 43953,2020-05-02,15:23:04,2020-05-19,10:07:59,Object-based multi-state paradigm,5,Xinjie,0
802,Holmberg,2020-04-24,18:46:43,2020-05-06,16:15:10,Re-engineered global concept,1,,0
803,Carioca,2019-11-29,1:26:01,2019-12-11,10:01:18,Team-oriented 5th generation neural-net,4,Jardoeira,1
804,GPGPU,2020-07-23,15:46:19,2020-08-09,15:24:18,User-centric cohesive adapter,1,,1
805,Paget,2020-07-23,11:35:32,2020-08-05,15:57:13,Fundamental content-based superstructure,2,,0
806,Meeting with Windler-Kuvalis,2020-02-25,5:37:45,2020-03-17,2:01:15,,3,,1
807,MVS,2020-09-28,9:36:50,2020-10-04,6:52:59,Persevering multi-tasking productivity,0,Banjar Delodrurung,0
808,take 44007,2020-06-25,15:26:05,2020-07-06,2:32:03,Managed exuding archive,3,Padhahegha,1
809,CVS,2020-02-25,8:43:02,2020-03-13,8:41:58,Integrated solution-oriented encoding,1,Kosaya Gora,1
810,Research,2020-01-16,20:09:37,2020-02-09,22:34:52,,1,,0
811,DC Power,2020-07-11,19:59:35,2020-08-02,1:58:51,Open-source homogeneous paradigm,0,,0
812,FBD,2020-04-10,5:28:11,2020-04-28,6:18:26,Synchronised regional orchestration,4,,1
813,NamCongueRisus.ppt,2020-08-10,14:39:04,2020-08-17,21:36:17,Implemented directional time-frame,3,,0
814,Engineering,2020-07-28,15:48:54,2020-07-30,13:27:16,Realigned solution-oriented local area network,0,,1
815,Aerospace Medicine,2020-10-15,0:41:17,2020-11-10,14:41:41,Cross-group modular synergy,4,Bern,1
816,Kim,2019-11-08,18:34:18,2019-11-30,22:37:40,Exclusive incremental monitoring,1,Ciputih,0
817,Summerview,2019-12-06,18:46:42,2019-12-16,12:50:48,Automated well-modulated analyzer,3,,0
818,Fashion GPS,2020-01-07,23:47:35,2020-01-10,15:36:44,,2,Quisao,1
819,High Availability,2019-10-31,6:38:39,2019-11-03,2:56:25,Down-sized didactic budgetary management,1,Ustrzyki Dolne,1
820,LGBT Rights,2020-03-11,13:22:30,2020-03-12,20:49:00,Vision-oriented multi-tasking workforce,1,Zhiqing Songduo,0
821,take 43767,2019-10-29,21:04:15,2019-11-17,16:14:17,Managed zero defect extranet,0,,0
822,take 43968,2020-05-17,18:23:16,2020-05-25,6:53:49,Visionary explicit benchmark,3,,0
823,VSD,2020-03-29,22:29:42,2020-04-07,14:42:00,Intuitive logistical extranet,5,,0
824,SFR,2020-01-26,11:38:48,2020-02-04,13:25:13,Configurable intermediate archive,1,,0
825,take 43962,2020-05-11,19:19:41,2020-06-05,0:51:52,Proactive homogeneous open architecture,5,,1
826,Nokia Qt,2020-10-03,15:10:02,2020-10-29,5:41:34,Customizable multi-tasking capability,5,Yamaranguila,1
827,MCSD,2020-02-09,19:51:28,2020-03-04,10:28:43,Intuitive impactful projection,0,,0
828,ErosVestibulumAc.ppt,2020-05-11,10:18:32,2020-05-11,11:49:54,Devolved 5th generation task-force,5,Antanifotsy,0
829,Eastern Europe,2020-10-03,19:22:38,2020-10-21,15:33:41,Re-engineered object-oriented toolset,1,Cedar Rapids,0
830,4th,2020-03-26,10:36:56,2020-04-05,4:46:34,User-centric 24/7 website,2,,0
831,TNS,2020-04-14,12:56:05,2020-05-01,2:39:41,Persevering real-time infrastructure,0,,1
832,WFS,2019-10-24,12:25:59,2019-11-19,10:04:59,,5,,0
833,take 44103,2020-09-29,3:32:41,2020-10-05,4:47:13,,5,,1
834,take 44075,2020-09-01,22:13:45,2020-09-18,4:33:39,Future-proofed mobile strategy,5,,1
835,Vulnerability Assessment,2019-11-05,12:51:43,2019-11-12,20:18:26,Realigned global solution,0,,1
836,take 43931,2020-04-10,20:04:52,2020-04-24,10:40:48,Cross-group human-resource algorithm,4,,1
837,HabitassePlatea.xls,2020-08-04,20:03:59,2020-09-01,20:42:42,,4,,1
838,iOS Design,2019-12-10,19:52:24,2019-12-11,19:43:32,Optional static data-warehouse,1,,0
839,Boilers,2020-07-07,11:08:53,2020-07-16,12:12:04,Phased explicit structure,4,,1
840,Qbasic,2020-08-11,20:21:27,2020-09-08,6:35:21,,4,Ashikaga,0
841,FWSM,2019-12-13,4:50:56,2020-01-04,7:01:19,Vision-oriented multimedia attitude,2,,1
842,Proin.mp3,2019-12-25,19:34:01,2019-12-25,19:43:02,Automated fault-tolerant capacity,5,,0
843,SAP BI,2020-03-28,14:38:44,2020-04-19,5:53:21,,0,,0
844,Defect Life Cycle,2020-10-21,21:23:27,2020-10-26,10:17:03,Future-proofed 5th generation Graphic Interface,4,Selkirk,1
845,take 43938,2020-04-17,5:00:08,2020-05-14,2:29:17,De-engineered needs-based array,2,,0
846,Cd,2019-10-25,16:47:01,2019-11-05,1:49:38,Synchronised client-server leverage,0,,1
847,XSI,2020-07-06,19:17:18,2020-07-06,9:20:22,Right-sized fault-tolerant Graphic Interface,4,,1
848,Meeting at Rolfson-Lindgren,2020-05-24,12:50:58,2020-05-25,7:56:25,Open-source tangible internet solution,4,,1
849,Kickstart,2019-10-31,9:56:50,2019-11-08,3:05:03,Focused homogeneous capacity,0,Podd?bice,1
850,HR Software,2020-07-14,13:09:50,2020-07-14,5:04:50,,5,,0
851,eHealth,2020-08-02,2:06:31,2020-08-14,6:52:30,Open-architected foreground complexity,2,,1
852,Event Production,2020-06-25,0:45:19,2020-07-17,13:50:36,Monitored high-level project,5,,1
853,Seismic Attributes,2020-05-08,23:36:41,2020-06-06,1:47:58,,0,,0
854,Nursing Process,2020-10-15,20:29:24,2020-11-07,23:49:03,Proactive 3rd generation circuit,5,,1
855,Magdeline,2019-11-04,22:40:04,2019-11-17,4:46:20,Adaptive bifurcated system engine,2,Ambohitrolomahitsy,1
856,XPages,2020-03-08,6:47:25,2020-03-20,12:15:02,Optional bottom-line secured line,0,Karjalohja,0
857,TMX,2020-04-18,12:50:42,2020-05-05,11:00:47,Extended background implementation,4,,0
858,UMTS,2020-04-25,20:53:19,2020-05-05,4:02:20,Organic multi-tasking model,2,,1
859,Olefins,2020-06-06,19:33:31,2020-06-29,2:51:17,Enhanced hybrid standardization,2,,1
860,JBuilder,2020-05-25,11:52:23,2020-06-17,18:42:22,Intuitive object-oriented intranet,1,,1
861,Phase II Environmental Site Assessments,2020-02-06,17:21:38,2020-03-04,9:09:18,Versatile disintermediate application,3,Loakulu,0
862,MPower,2020-01-27,16:50:04,2020-02-10,11:00:11,Multi-lateral 24/7 encryption,4,Baing,0
863,GSA Contracting,2020-05-16,17:28:34,2020-06-03,12:33:27,Up-sized bifurcated function,2,Przybyszowka,0
864,LTE,2020-01-06,22:45:11,2020-01-28,10:25:24,,0,Zahorovice,1
865,Pyrography,2020-01-26,16:50:02,2020-02-11,18:38:42,Sharable homogeneous flexibility,5,,1
866,Social Media,2019-11-26,4:43:02,2019-12-25,6:01:53,Centralized homogeneous knowledge user,2,Macaiba,0
867,"Meet Frami, McClure and MacGyver",2020-06-04,7:44:01,2020-06-20,23:45:02,Switchable next generation local area network,2,Altay,1
868,HTML Help Workshop,2020-04-09,23:17:51,2020-04-14,11:37:48,,1,Dengmingsi,1
869,Thought Leadership,2020-02-19,9:11:45,2020-02-22,8:47:09,Phased methodical groupware,3,,1
870,Trimble GPS,2020-07-12,21:43:25,2020-07-27,18:01:34,Enhanced 5th generation solution,5,,0
871,Ignite-UX,2020-05-14,18:49:44,2020-06-09,10:01:23,Object-based national parallelism,0,,0
872,Algoma,2020-09-15,12:45:54,2020-10-02,18:00:07,Reduced composite Graphical User Interface,3,,0
873,take 44062,2020-08-19,1:46:30,2020-08-28,5:53:02,Cross-group well-modulated methodology,1,,0
874,BPWin,2020-02-10,19:42:19,2020-02-10,9:48:54,Compatible directional core,4,Vitry-sur-Seine,0
875,Node.js,2020-09-02,1:33:48,2020-09-10,8:32:52,Persevering coherent hierarchy,1,,0
876,Meeting at Thompson Inc,2019-12-12,15:39:27,2020-01-02,3:11:19,Automated regional data-warehouse,2,Th?kurgaon,0
877,VestibulumAnteIpsum.xls,2020-08-05,11:24:08,2020-09-01,22:47:30,Vision-oriented bandwidth-monitored frame,0,,0
878,Meet Dooley and Sons,2020-08-15,3:12:32,2020-09-04,8:55:24,Assimilated multi-tasking intranet,5,,1
879,IUI,2020-08-02,4:48:31,2020-08-27,9:42:44,Total cohesive instruction set,4,,1
880,take 44059,2020-08-16,15:10:42,2020-08-21,23:38:19,User-centric object-oriented budgetary management,0,Bang Kruai,1
881,RPG III,2020-08-20,13:24:54,2020-09-01,1:39:02,Digitized bifurcated approach,3,,1
882,Sybase IQ,2019-11-10,9:46:40,2019-11-18,10:32:59,Synergistic zero tolerance complexity,1,Yilan,0
883,Kropf,2020-08-16,19:28:07,2020-08-19,15:49:37,,2,,1
884,"Meeting at Franecki, Spencer and Schuster",2020-02-17,20:28:16,2020-02-19,17:45:38,Configurable hybrid success,1,,1
885,JBPM,2019-10-27,0:47:51,2019-11-10,12:38:31,Object-based well-modulated access,2,Tulsa,0
886,PMBOK,2020-07-20,17:27:33,2020-07-29,21:19:41,Organized transitional attitude,0,,0
887,take 43811,2019-12-12,10:05:09,2019-12-21,3:28:22,,0,Gapluk,0
888,NullamMolestieNibh.xls,2020-05-19,18:07:18,2020-06-03,6:35:28,,4,Jinhe,1
889,Vulnerability Scanning,2020-03-29,23:17:03,2020-04-11,9:06:25,,5,,1
890,CPFR,2020-06-09,6:48:17,2020-06-16,19:55:45,Grass-roots even-keeled installation,3,Kabul,1
891,"Meeting with Powlowski, Bogisich and Smitham",2019-11-17,12:11:03,2019-11-18,2:00:17,Sharable directional array,3,,0
892,Lunix,2020-05-17,7:52:53,2020-06-14,14:48:03,,4,,0
893,LTV,2020-05-24,23:00:07,2020-06-20,22:21:17,Exclusive explicit parallelism,1,Binjai,1
894,DNA fingerprinting,2020-09-03,10:44:17,2020-09-03,7:34:02,Face to face leading edge data-warehouse,1,Mercedes,1
895,Hand-drawn Typography,2020-08-06,2:27:34,2020-08-19,10:03:23,Reactive interactive concept,2,Yongdong,0
896,take 43844,2020-01-14,22:20:35,2020-01-21,22:15:53,Assimilated multimedia analyzer,3,,0
897,EgetTempusVel.mp3,2020-03-05,19:04:01,2020-03-08,8:58:36,,0,,0
898,DTS,2020-01-03,17:42:58,2020-01-11,23:55:17,,2,Huayllabamba,0
899,Mcguire,2020-05-27,0:03:31,2020-05-30,13:47:50,Versatile intangible adapter,1,,1
900,NX-OS,2020-01-27,8:46:51,2020-02-04,12:09:59,Fundamental bandwidth-monitored adapter,5,,1
901,RF Planning,2019-11-27,12:39:56,2019-12-04,6:14:39,Visionary upward-trending encryption,3,,1
902,Oil Paint,2020-04-14,18:45:59,2020-04-30,2:54:18,Synergistic multi-tasking system engine,0,Borucin,1
903,MC2,2020-05-21,8:28:08,2020-06-09,8:00:08,,1,,1
904,Mendota,2020-09-21,8:42:04,2020-09-24,3:27:11,Expanded zero tolerance help-desk,1,Proger,0
905,take 43902,2020-03-12,17:35:23,2020-04-02,11:26:10,Automated client-server success,0,,1
906,take 43853,2020-01-23,2:58:26,2020-02-16,14:45:58,Configurable 24 hour encryption,4,Tizguine,0
907,Microsoft MVP,2020-06-14,23:11:09,2020-07-02,11:04:48,Re-contextualized client-driven website,0,Fengtang,0
908,VST,2020-05-09,10:11:05,2020-06-03,15:41:18,Managed client-server info-mediaries,0,,0
909,Ableton Live,2019-11-13,3:34:46,2019-11-15,16:36:25,,4,Lidkoping,0
910,EASA,2019-12-29,3:24:04,2020-01-05,2:32:23,Open-source hybrid workforce,4,Hongguang,0
911,Customs Regulations,2019-11-21,18:49:30,2019-12-04,8:43:39,Team-oriented national budgetary management,0,,0
912,"Meet Hermann, Leffler and Welch",2020-06-22,17:38:24,2020-07-08,19:57:42,Intuitive actuating pricing structure,3,,1
913,CBEST,2020-01-31,10:26:16,2020-02-08,14:09:08,Team-oriented zero administration infrastructure,2,Umea,0
914,Meeting with VonRueden-Rau,2020-10-06,13:44:30,2020-10-17,6:12:12,,1,,0
915,SRT,2020-06-03,2:40:51,2020-06-05,9:33:11,Programmable modular open system,3,Shishang,0
916,Judy,2019-11-17,21:20:24,2019-12-10,13:30:43,Networked eco-centric framework,4,,0
917,take 44046,2020-08-03,18:19:32,2020-08-27,1:28:27,Customizable real-time standardization,2,,1
918,GSA Contracting,2020-02-10,0:13:01,2020-02-24,0:03:54,Exclusive coherent installation,1,,0
919,Glassfish,2020-09-13,12:59:10,2020-10-06,18:42:17,De-engineered actuating archive,2,,0
920,Meet Kerluke Inc,2019-11-02,15:15:53,2019-11-22,11:04:04,Profit-focused logistical orchestration,1,,0
921,HFC,2020-03-29,10:26:51,2020-04-07,1:28:35,Inverse human-resource archive,0,,0
922,Testing Types,2020-01-28,10:14:09,2020-01-28,8:42:21,,1,,1
923,Special Effects Makeup,2020-08-26,12:16:35,2020-09-06,19:53:53,Robust impactful extranet,4,,1
924,Tortoise CVS,2019-12-27,0:34:38,2020-01-14,11:51:50,Seamless coherent open system,3,,1
925,CQ,2020-04-08,2:17:08,2020-04-30,4:36:56,,4,,1
926,Enim.ppt,2020-07-17,22:48:16,2020-07-29,17:06:09,,2,,1
927,Meeting at Windler-Bartoletti,2020-02-24,2:40:33,2020-03-05,13:50:25,,4,,0
928,CRM,2020-07-21,3:31:15,2020-08-07,4:54:23,,5,,1
929,Meet O'Keefe Group,2020-06-13,21:38:25,2020-06-14,20:00:32,Devolved foreground project,3,El Porvenir,0
930,Early Childhood Development,2020-07-12,18:46:46,2020-07-30,5:57:00,,5,,1
931,21 CFR,2020-08-28,2:55:53,2020-09-08,12:11:05,Self-enabling logistical projection,5,,1
932,Rusk,2020-02-25,6:58:28,2020-03-03,23:53:03,Enhanced coherent hierarchy,0,,1
933,Brand Development,2020-01-22,23:50:06,2020-02-16,0:09:09,Persistent 3rd generation array,0,,1
934,Twitter Marketing,2020-08-21,16:11:21,2020-09-01,13:58:19,Front-line directional project,0,,1
935,Meet Aufderhar LLC,2020-06-27,16:33:26,2020-07-16,22:19:34,Future-proofed 5th generation support,1,,0
936,take 43788,2019-11-19,19:53:40,2019-12-06,3:07:18,,2,,1
937,take 44120,2020-10-16,21:03:48,2020-11-13,6:26:29,Horizontal analyzing flexibility,1,,1
938,"Meet Hamill, Barton and Gislason",2020-07-21,7:36:10,2020-08-02,1:27:02,Customizable intermediate capacity,2,Itaugua,1
939,Loftsgordon,2019-12-09,2:20:56,2019-12-31,11:29:20,Ergonomic incremental artificial intelligence,4,,1
940,TLM,2020-01-23,1:14:54,2020-02-18,10:38:20,Total hybrid framework,5,Farsta,0
941,Meeting at Hayes-Prosacco,2019-11-15,18:21:13,2019-12-11,19:15:41,Distributed encompassing support,3,,0
942,Smarty,2020-05-19,8:01:42,2020-06-06,16:14:27,Customer-focused fresh-thinking implementation,1,,0
943,Heffernan,2020-02-17,10:43:49,2020-03-13,5:18:49,Streamlined zero tolerance monitoring,0,,0
944,Dayton,2020-05-26,13:33:29,2020-06-04,22:56:55,Progressive leading edge strategy,2,,0
945,Start-ups,2020-06-12,8:37:38,2020-06-15,4:02:09,Assimilated asymmetric website,3,,0
946,Myofascial Release,2020-03-11,5:12:28,2020-04-07,8:44:06,Persistent systematic circuit,2,,1
947,Bridge,2020-09-02,18:36:45,2020-09-16,7:40:26,Proactive non-volatile capacity,0,,0
948,HMRC enquiries,2020-03-27,15:21:33,2020-04-24,3:58:42,Future-proofed background secured line,5,,0
949,Classroom Management,2020-04-10,20:25:56,2020-04-29,2:43:31,Managed value-added implementation,5,,0
950,MDI,2020-02-28,8:47:26,2020-03-15,17:44:08,Function-based bandwidth-monitored structure,2,,1
951,Pharetra.doc,2020-02-26,4:53:29,2020-02-29,0:57:36,,4,,1
952,Hiring,2020-02-18,23:58:09,2020-02-23,8:40:56,Programmable high-level solution,5,Kapitanivka,0
953,Natural Resource Management,2020-08-20,12:59:44,2020-09-04,12:29:23,Synergized value-added secured line,3,Las Vegas,1
954,Bonner,2020-08-14,23:25:05,2020-09-08,19:45:17,Cross-group asymmetric standardization,1,,0
955,Working Abroad,2019-12-30,18:53:02,2020-01-21,23:47:25,Enterprise-wide even-keeled firmware,5,,1
956,Saint Paul,2020-06-19,17:42:08,2020-07-16,0:19:54,Multi-channelled intangible knowledge base,0,,1
957,NecDui.ppt,2020-02-21,22:41:38,2020-03-19,13:15:47,Polarised 24/7 knowledge base,1,,0
958,Meeting with Reilly-Hahn,2020-06-17,23:39:23,2020-06-30,11:15:34,Integrated systematic success,1,,1
959,Meeting with Murphy Inc,2019-11-02,13:59:13,2019-11-04,6:05:32,Innovative zero administration success,4,Sabinopolis,0
960,HBA,2020-05-02,8:15:18,2020-05-23,7:46:10,,2,,0
961,LiberoQuis.avi,2020-06-19,2:22:50,2020-07-02,15:22:28,Quality-focused 3rd generation pricing structure,1,,1
962,Career Counseling,2020-01-28,15:30:39,2020-02-03,5:51:50,Down-sized homogeneous frame,1,,1
963,Historical Research,2020-01-15,16:41:48,2020-01-23,9:54:00,Organized methodical application,5,,1
964,HMI Configuration,2020-04-13,1:45:05,2020-05-05,18:51:10,Open-source disintermediate groupware,4,,0
965,Meeting at Dach-Franecki,2020-05-27,13:44:41,2020-06-03,20:04:34,Face to face 6th generation leverage,2,Wawa,0
966,Corporate Real Estate,2019-11-14,10:23:36,2019-12-11,5:27:29,Pre-emptive regional challenge,4,,1
967,Delaware,2020-08-14,3:05:09,2020-08-14,22:10:03,Up-sized demand-driven product,4,Wotsogo,0
968,PIX,2020-04-13,22:49:59,2020-04-15,3:22:06,Distributed tangible groupware,1,,0
969,Melby,2019-12-31,0:57:12,2020-01-25,23:20:43,Customizable foreground firmware,1,,0
970,BPCS,2019-11-09,12:36:12,2019-11-17,9:56:32,Devolved executive parallelism,0,,1
971,Power Electronics,2020-09-24,9:12:47,2020-10-04,15:06:30,Ergonomic maximized capacity,1,,0
972,Meeting at O'Hara Inc,2020-03-09,18:49:05,2020-03-26,17:17:13,Open-architected didactic benchmark,1,,0
973,Neque.ppt,2020-08-27,12:03:26,2020-09-15,10:08:39,Reverse-engineered background collaboration,2,Sucre,1
974,USB,2020-01-12,13:12:56,2020-01-30,0:18:05,,5,,0
975,MPLAB,2020-05-24,21:44:44,2020-06-11,14:24:16,Up-sized full-range system engine,1,,1
976,Class III Medical Devices,2020-05-05,10:33:02,2020-05-12,0:18:03,Intuitive static matrix,3,,0
977,"Meet Murphy, Lueilwitz and Kunde",2019-12-25,21:44:55,2020-01-23,11:34:19,Cloned directional leverage,5,,1
978,Medication Therapy Management,2020-01-29,22:00:25,2020-01-30,19:28:25,Monitored disintermediate info-mediaries,2,,0
979,FBA,2020-04-18,0:30:22,2020-05-12,8:21:44,Profound content-based conglomeration,1,,0
980,SQL*Plus,2020-04-19,10:32:24,2020-05-13,10:53:55,Inverse dynamic focus group,5,,1
981,take 44022,2020-07-10,23:17:36,2020-07-11,22:13:09,Up-sized maximized adapter,2,,1
982,take 43872,2020-02-11,22:43:55,2020-02-16,2:46:38,Down-sized actuating website,3,,0
983,Meeting with Gottlieb LLC,2020-04-27,6:31:52,2020-05-09,16:58:44,Function-based fault-tolerant collaboration,4,,1
984,Azerbaijani,2020-07-25,12:05:22,2020-07-26,5:28:41,Automated non-volatile toolset,2,,0
985,Equity Derivatives,2020-10-08,22:19:29,2020-10-29,8:12:28,,1,,1
986,Pneumatic Tools,2020-02-24,23:05:10,2020-03-19,20:19:37,Compatible real-time hardware,5,,0
987,take 44125,2020-10-21,2:12:28,2020-11-12,14:58:24,,1,Bom Jesus dos Perdoes,1
988,First Time Home Sellers,2020-09-27,23:29:48,2020-10-12,0:17:29,Balanced attitude-oriented conglomeration,0,,1
989,ITIL Certified,2020-01-27,21:38:58,2020-01-28,4:27:03,Intuitive disintermediate collaboration,3,Kousa,1
990,Velit.tiff,2019-11-19,11:15:55,2019-11-28,11:18:29,Versatile upward-trending open system,0,,1
991,XFP,2020-02-10,19:53:00,2020-03-04,22:51:05,Synchronised secondary function,3,,0
992,Biomass,2020-09-15,20:32:02,2020-09-19,5:22:06,,3,Qingshanhu,1
993,SSOP,2020-04-20,15:05:09,2020-04-29,9:04:51,Distributed human-resource software,2,Dijon,0
994,At.mp3,2019-11-05,18:04:50,2019-11-24,3:18:20,Ameliorated tangible infrastructure,0,,0
995,take 44035,2020-07-23,15:28:30,2020-07-31,12:51:45,Face to face systematic product,2,,1
996,"Meet Stracke, Mosciski and Paucek",2020-05-01,1:58:02,2020-05-13,8:35:50,Versatile web-enabled ability,5,,1
997,Lake View,2020-06-19,1:04:35,2020-07-04,5:47:36,Polarised context-sensitive instruction set,5,,1
998,Mendota,2020-07-28,22:15:56,2020-07-31,0:51:43,,3,,0
999,Forest,2019-11-12,16:48:19,2019-11-14,19:05:20,Vision-oriented multimedia migration,3,Llalli,0
1000,Bonner,2020-02-29,19:30:21,2020-03-03,15:11:40,Multi-lateral clear-thinking projection,0,Kolochava,1
